,Unnamed: 0,year,CO2 (ppmv)
0,0,1959,315.98
1,1,1960,316.91
2,2,1961,317.64
3,3,1962,318.45
4,4,1963,318.99
5,5,1964,319.62
6,6,1965,320.04
7,7,1966,321.37
8,8,1967,322.18
9,9,1968,323.05
10,10,1969,324.62
11,11,1970,325.68
12,12,1971,326.32
13,13,1972,327.46
14,14,1973,329.68
15,15,1974,330.19
16,16,1975,331.13
17,17,1976,332.03
18,18,1977,333.84
19,19,1978,335.41
20,20,1979,336.84
21,21,1980,338.76
22,22,1981,340.12
23,23,1982,341.48
24,24,1983,343.15
25,25,1984,344.87
26,26,1985,346.35
27,27,1986,347.61
28,28,1987,349.31
29,29,1988,351.69
30,30,1989,353.2
31,31,1990,354.45
32,32,1991,355.7
33,33,1992,356.54
34,34,1993,357.21
35,35,1994,358.96
36,36,1995,360.97
37,37,1996,362.74
38,38,1997,363.88
39,39,1998,366.84
40,40,1999,368.54
41,41,2000,369.71
42,42,2001,371.32
43,43,2002,373.45
44,44,2003,375.98
45,45,2004,377.7
46,46,2005,379.98
47,47,2006,382.09
48,48,2007,384.02
49,49,2008,385.83
50,50,2009,387.64
51,51,2010,390.1
52,52,2011,391.85
53,53,2012,394.06
54,54,2013,396.74
55,55,2014,398.81
56,56,2015,401.01
57,57,2016,404.41
58,58,2017,406.76
59,59,2018,408.72
60,60,2019,411.65
61,61,2020,414.21
62,62,2021,416.41
63,63,2022,418.53
64,0,2001,368.02248790241714
65,1,1998,361.78073658846415
66,2,1996,359.6477931830841
67,3,1994,357.10673969933646
68,4,1993,353.94668533391206
69,5,1992,353.72423581425323
70,6,1991,352.41630841973364
71,7,1989,350.8086522409729
72,8,1989,349.8002703595191
73,9,1988,349.27841464963046
74,10,1988,347.59740561133145
75,11,1987,345.44120600376243
76,12,1986,344.71776861346984
77,13,1986,343.9736767615952
78,14,1985,343.1107520502481
79,15,1984,342.0519764062061
80,16,1983,341.3292967441024
81,17,1983,339.4604885213476
82,18,1979,334.84855553252345
83,19,1976,335.5469534579232
84,20,1976,332.3689555204767
85,21,1975,332.3656863259178
86,22,1974,331.54980566810485
87,23,1972,328.4158880123276
88,24,1972,330.3504422217994
89,25,1970,326.3093257445175
90,26,1970,326.6491948420144
91,27,1970,324.9059936630005
92,28,1970,324.5570616692709
93,29,1969,324.70605757685405
94,30,1968,325.07717594979096
95,31,1968,324.08551736938495
96,32,1968,320.38065078205506
97,33,1966,320.4923553617883
98,34,1966,322.1747797142201
99,35,1965,320.98156635342656
100,36,1965,319.1950596158425
101,37,1965,319.8929363220089
102,38,1963,319.12347301713646
103,39,1963,319.06606441856763
104,40,1962,318.61106261456985
105,41,1962,317.4481354802273
106,42,1962,319.1381732232432
107,43,1962,317.5216280215933
108,44,1961,316.59261011941027
109,45,1960,318.20658038167187
110,46,1960,313.0933880516286
111,47,1959,311.98389241638387
112,48,1958,316.3340200101121
113,49,1958,316.1014028920352
114,50,1957,314.57216625352925
115,51,1957,315.2703546298443
116,52,1957,316.3253801823537
117,53,1957,314.4370577968855
118,54,1956,315.342073915026
119,55,1954,314.7139613439055
120,56,1953,313.1710570119369
121,57,1953,312.8003637775662
122,58,1953,312.22274083278216
123,59,1952,312.1844627182946
124,60,1950,312.0017776102837
125,61,1949,313.6602846482332
126,62,1948,309.6939936066409
127,63,1947,311.57094999761165
128,64,1946,310.36290017732523
129,65,1946,312.8663621464335
130,66,1945,312.5596867804179
131,67,1945,311.9671347125998
132,68,1945,311.8114965345337
133,69,1944,310.440204448011
134,70,1944,311.2775834649954
135,71,1944,310.224309572614
136,72,1943,312.36164019507424
137,73,1942,311.878053578341
138,74,1942,312.8437329659678
139,75,1941,312.393938618938
140,76,1940,311.80226771747726
141,77,1940,307.7386635857962
142,78,1939,309.80091502114107
143,79,1939,310.9510867188181
144,80,1939,311.21179432912515
145,81,1938,310.4566675193962
146,82,1938,308.47982780846024
147,83,1938,311.94102882822733
148,84,1937,311.52050972739016
149,85,1937,312.3293254879136
150,86,1936,307.4076931745866
151,87,1935,309.3446868650601
152,88,1935,307.25859856593024
153,89,1935,306.3197983876916
154,90,1933,309.6306260790445
155,91,1933,307.0755443187391
156,92,1932,305.94402817135216
157,93,1932,308.27919921307927
158,94,1932,308.25556223436706
159,95,1930,305.7409186942765
160,96,1929,305.3808267142061
161,97,1928,305.78294147245686
162,98,1928,305.7053721667773
163,99,1928,305.66786848134046
164,100,1927,308.01874186181465
165,101,1925,304.96915678718324
166,102,1924,304.7159146968185
167,103,1922,306.1986242999216
168,104,1922,303.1815383191544
169,105,1919,301.8758603769565
170,106,1918,304.61320734820134
171,107,1917,303.85222132002366
172,108,1915,301.9151507114715
173,109,1914,300.7000886560916
174,110,1912,301.29772622272134
175,111,1911,299.25727749401767
176,112,1911,297.7268153632511
177,113,1910,298.10624698316605
178,114,1909,297.86910679162327
179,115,1908,301.5041354046444
180,116,1905,299.62686294971274
181,117,1905,297.32821856127947
182,118,1905,299.0235966178361
183,119,1903,295.9913578166476
184,120,1901,295.6106368299745
185,121,1900,294.2207216000332
186,122,1898,297.0473645165553
187,123,1898,295.2814574829282
188,124,1893,293.80883068272027
189,125,1893,293.16654166689625
190,126,1893,295.3164626735822
191,127,1892,294.8594308441452
192,128,1892,295.17192926023625
193,129,1889,290.9175394046256
194,130,1889,292.3423879392772
195,131,1887,294.34178746728605
196,132,1885,288.1157636999787
197,133,1884,289.2265988139854
198,134,1883,289.7624132149648
199,135,1882,292.46393479402104
200,136,1879,287.7707291897673
201,137,1876,289.3281310647417
202,138,1873,291.5581974658393
203,139,1872,286.6550967370638
204,140,1870,286.32578146070443
205,141,1869,287.9864944292303
206,142,1868,289.53614491302415
207,143,1867,287.9922513016967
208,144,1866,285.05229227816864
209,145,1864,286.654158160582
210,146,1862,285.3533187571561
211,147,1861,287.17456217295097
212,148,1858,286.6330756116753
213,149,1856,283.16210074754474
214,150,1854,285.56557722684016
215,151,1853,288.05443747992655
216,152,1851,285.4658308627274
217,153,1850,288.7903954001126
218,154,1850,284.00163402345765
219,155,1847,286.839237474432
220,156,1845,283.6198856894272
221,157,1844,283.1828720355646
222,158,1844,283.5311237194569
223,159,1843,281.58148260537183
224,160,1840,283.6545457229947
225,161,1836,284.151983964357
226,162,1833,283.82039231033946
227,163,1832,285.0861666968484
228,164,1826,285.90893992625405
229,165,1824,281.3603652847592
230,166,1813,284.43128758236145
231,167,1799,282.7995518984052
232,168,1796,280.4044366600032
233,169,1795,282.3047106620081
234,170,1794,281.6171179507893
235,171,1780,273.07371696468044
236,172,1779,280.2362981843688
237,173,1773,277.8559524780317
238,174,1763,276.3961020284933
239,175,1762,277.15568662096365
240,176,1752,278.00200109884094
241,177,1751,276.4573287163011
242,178,1749,277.6000738939942
243,179,1741,276.8090000432731
244,180,1733,278.3109424912346
245,181,1723,277.01330979867544
246,182,1722,278.27011023020174
247,183,1694,277.35805088594464
248,184,1689,276.3246167739362
249,185,1681,276.6596678045921
250,186,1649,278.0152295252318
251,187,1639,276.6872122505445
252,188,1628,273.7807623120456
253,189,1609,271.1090304670288
254,190,1603,275.066577843599
255,191,1590,279.3568610690018
256,192,1588,281.10892823134105
257,193,1573,282.5698274885973
258,194,1559,281.82904146165555
259,195,1549,283.5296825674026
260,196,1529,283.94789036843633
261,197,1501,283.1247803916497
262,198,1469,280.3125047226672
263,199,1449,282.22658040584827
264,200,1428,279.7256958832981
265,201,1410,279.6965499485699
266,202,1390,280.9115788303861
267,203,1348,278.3621212274177
268,204,1330,284.0676432722511
269,205,1307,281.5784089788515
270,206,1278,278.4312489162189
271,207,1259,282.199286054067
272,208,1251,282.41311047504325
273,209,1210,283.68828915610504
274,210,1199,284.54004420226613
275,211,1165,283.9659747066713
276,212,1146,284.510584449478
277,213,1115,282.8416314024614
278,214,1099,283.0944582572788
279,215,1070,282.8444160166049
280,216,1049,280.9667443357615
281,217,1040,280.9161701585891
282,218,1019,280.06452973881244
283,219,1017,279.7987034131486
284,220,982,278.7402401551619
285,221,957,277.4071684030988
286,222,914,280.10552589040225
287,223,875,279.42044060983585
288,224,822,278.62300321449914
289,225,793,279.72469920818
290,226,762,279.29371083930937
291,227,730,279.9902637416671
292,228,701,277.098940914164
293,229,669,278.45496800258206
294,230,636,279.58805021854124
295,231,614,277.86971612986054
296,232,582,276.19603745957005
297,233,557,278.4608975547629
298,234,551,276.5590465243607
299,235,517,276.789519068584
300,236,488,277.1056915049757
301,237,436,279.9999146746923
302,238,406,279.12520908544417
303,239,384,277.24691789826335
304,240,357,277.79537780888165
305,241,317,281.692138914424
306,242,295,280.9089598541969
307,243,274,280.2444922059889
308,244,266,278.31439989271746
309,245,240,280.2490871903012
310,246,174,277.55589209790946
311,247,153,278.0719954240161
312,248,136,278.1
313,249,104,277.5
314,250,56,277.4
315,251,30,277.9
316,252,1,276.7
317,253,-49,278.0
318,254,-143,276.9
319,255,-284,276.7
320,256,-315,276.7
321,257,-464,277.6
322,258,-576,277.9
323,259,-678,273.9
324,260,-758,278.9
325,261,-851,275.3
326,262,-954,274.7
327,263,-998,276.3
328,264,-1106,274.6
329,265,-1305,276.3
330,266,-1333,273.1
331,267,-1481,274.0
332,268,-1578,275.0
333,269,-1694,273.4
334,270,-1743,273.0
335,271,-1856,271.5
336,272,-1906,275.4
337,273,-2018,274.9
338,274,-2158,271.7
339,275,-2255,271.6
340,276,-2325,272.8
341,277,-2392,271.5
342,278,-2544,271.1
343,279,-2642,269.1
344,280,-2697,269.8
345,281,-2823,271.5
346,282,-2971,270.7
347,283,-3031,269.3
348,284,-3136,268.6
349,285,-3268,269.8
350,286,-3361,267.6
351,287,-3407,265.3
352,288,-3583,265.2
353,289,-3631,267.6
354,290,-3807,265.9
355,291,-3902,265.5
356,292,-3984,260.7
357,293,-4049,266.7
358,294,-4139,265.5
359,295,-4351,263.2
360,296,-4387,262.7
361,297,-4451,261.2
362,298,-4622,261.1
363,299,-4732,259.4
364,300,-4819,262.1
365,301,-4930,262.9
366,302,-5020,258.1
367,303,-5088,257.6
368,304,-5238,262.3
369,305,-5324,263.0
370,306,-5455,260.7
371,307,-5547,258.4
372,308,-5711,260.1
373,309,-5769,260.4
374,310,-5910,259.7
375,311,-5976,259.2
376,312,-6025,260.8
377,313,-6166,259.6
378,314,-6244,259.3
379,315,-6401,258.3
380,316,-6509,261.3
381,317,-6596,260.7
382,318,-6760,261.8
383,319,-6831,259.0
384,320,-6961,260.9
385,321,-7042,260.4
386,322,-7110,259.3
387,323,-7193,262.0
388,324,-7345,263.7
389,325,-7411,263.8
390,326,-7486,265.2
391,327,-7568,260.6
392,328,-7574,260.9
393,329,-7605,263.0
394,330,-7623,263.8
395,331,-7951,264.4
396,332,-8042,264.2
397,333,-8184,264.0
398,334,-8242,263.4
399,335,-8349,265.7
400,336,-8416,264.9
401,337,-8555,267.5
402,338,-8730,266.9
403,339,-8851,266.0
404,340,-8885,265.1
405,341,-9004,267.6
406,342,-9139,264.8
407,343,-9211,264.8
408,344,-9235,265.0
409,345,-9250,265.3
410,346,-9306,264.4
411,347,-9366,264.1
412,348,-9389,264.8062514925239
413,349,-9433,264.8396344162771
414,350,-9449,268.1638827775123
415,351,-9467,264.4831386910426
416,352,-9485,270.14345909208504
417,353,-9503,268.86948241809176
418,354,-9522,269.09658248435426
419,355,-9540,267.1659882944808
420,356,-9557,267.66344435702626
421,357,-9573,269.5087267559184
422,358,-9593,266.8975316078414
423,359,-9609,262.7402713424808
424,360,-9626,267.0926460402798
425,361,-9642,260.7019637596007
426,362,-9661,261.3035570908851
427,363,-9678,266.2202091929294
428,364,-9697,257.13429330946656
429,365,-9714,247.5528586529488
430,366,-9732,254.6155973344712
431,367,-9751,253.99089690085395
432,368,-9769,256.0430608603061
433,369,-9790,255.89086904448925
434,370,-9809,258.7419682040664
435,371,-9830,258.24947010276907
436,372,-9852,258.53058047537485
437,373,-9870,257.16871076552565
438,374,-9893,254.31017470730887
439,375,-9913,253.6295799831633
440,376,-9933,251.56174454316204
441,377,-9954,255.8965753132392
442,378,-9976,258.57498699245264
443,379,-9998,248.91570205793047
444,380,-10019,253.9931437879996
445,381,-10040,255.3912977602452
446,382,-10065,247.85064164274337
447,383,-10087,248.4071332197136
448,384,-10108,253.0980369479649
449,385,-10129,251.03138662276533
450,386,-10155,255.6570401748525
451,387,-10174,253.01913649818056
452,388,-10196,251.13879991205624
453,389,-10218,251.42428040746907
454,390,-10240,250.96816256782247
455,391,-10261,249.6533400802813
456,392,-10282,249.2318205544177
457,393,-10306,248.95174624217293
458,394,-10330,249.37721064234103
459,395,-10351,248.9240190698803
460,396,-10371,250.7315436936512
461,397,-10393,246.9665079337188
462,398,-10415,244.30941964788175
463,399,-10438,243.00399847303908
464,400,-10459,246.4034368607132
465,401,-10481,247.67023851530325
466,402,-10504,245.828192028346
467,403,-10525,246.1791753476704
468,404,-10545,244.42282246806465
469,405,-10571,246.7361603977909
470,406,-10593,249.9226267174943
471,407,-10614,244.27496932125192
472,408,-10636,247.01866418752644
473,409,-10657,248.09151906637945
474,410,-10679,246.94327763185444
475,411,-10703,243.94829999483665
476,412,-10723,242.52904430354567
477,413,-10747,244.24252191664183
478,414,-10769,241.5919394471499
479,415,-10789,247.29878007926465
480,416,-10812,240.0194403921716
481,417,-10835,241.4960201489729
482,418,-10859,242.23335017876877
483,419,-10880,242.14661205332536
484,420,-10902,239.34501708789696
485,421,-10923,241.2383063619222
486,422,-10943,239.43542944264075
487,423,-10967,238.7942418996904
488,424,-10989,238.17670710529904
489,425,-11009,240.7072616624785
490,426,-11030,237.14801820813656
491,427,-11051,239.41877622767905
492,428,-11071,234.67711437690164
493,429,-11093,238.86480110696388
494,430,-11116,237.9090254487845
495,431,-11138,241.5552999030114
496,432,-11178,234.8172845805215
497,433,-11222,236.9100647065016
498,434,-11266,239.4098936541896
499,435,-11316,240.4197733780046
500,436,-11354,236.8602209016533
501,437,-11468,237.82629259075324
502,438,-11536,240.25427358439865
503,439,-11581,235.8255291423037
504,440,-11650,243.85979844717
505,441,-11695,238.54747522687632
506,442,-11762,241.59139134507328
507,443,-11808,241.11490412197253
508,444,-11877,239.08435072354877
509,445,-11921,237.9515851667121
510,446,-11990,240.5703386445421
511,447,-12051,235.91958262522573
512,448,-12072,237.8687866200197
513,449,-12110,241.26916500368532
514,450,-12134,232.88000615516705
515,451,-12170,236.39805979670948
516,452,-12206,239.23818680138612
517,453,-12229,239.36064776017065
518,454,-12255,238.3613364190683
519,455,-12287,236.59503531115416
520,456,-12323,240.21229536304708
521,457,-12348,239.03677680876376
522,458,-12358,235.8013722168602
523,459,-12393,242.07891889663432
524,460,-12404,238.39005888170095
525,461,-12424,240.3252352260465
526,462,-12460,242.5463915992586
527,463,-12472,242.6046029893104
528,464,-12493,240.9489026098227
529,465,-12513,238.61345734214723
530,466,-12547,242.05538663336657
531,467,-12570,241.1441164192452
532,468,-12581,243.17377294839463
533,469,-12591,235.8323421305916
534,470,-12602,241.729807649943
535,471,-12613,239.85999766133676
536,472,-12625,239.76503812675872
537,473,-12636,237.9659544143376
538,474,-12645,235.30951417343596
539,475,-12656,237.58632963935628
540,476,-12669,237.970723841254
541,477,-12679,240.102021264826
542,478,-12695,238.11592408247537
543,479,-12702,234.62208303328032
544,480,-12714,233.41678590018037
545,481,-12725,234.33541847308945
546,482,-12736,237.4924390193572
547,483,-12746,228.9069484734525
548,484,-12756,228.1794674192821
549,485,-12768,230.5296191365043
550,486,-12780,234.53668908061692
551,487,-12793,231.47501430697423
552,488,-12808,227.9025821178081
553,489,-12813,224.64412988292017
554,490,-12826,227.3927296719852
555,491,-12837,227.78536212593403
556,492,-12849,228.50250206425628
557,493,-12860,227.5760816830967
558,494,-12872,226.50690563613685
559,495,-12884,228.4041873231957
560,496,-12894,227.87363187172843
561,497,-12907,233.1674385645637
562,498,-12919,232.22123314488175
563,499,-12930,227.85150672131329
564,500,-12942,230.6301423785333
565,501,-12954,228.71528957073207
566,502,-12965,228.3587950722309
567,503,-12979,228.46979297537328
568,504,-13003,228.890295544307
569,505,-13026,229.78672581367329
570,506,-13037,227.65098593922204
571,507,-13061,228.3650655244248
572,508,-13084,225.38083520649624
573,509,-13122,228.9948074515769
574,510,-13145,234.47446894840783
575,511,-13183,229.6716065699829
576,512,-13206,228.8057322422929
577,513,-13231,227.84358475209112
578,514,-13268,230.18339813242304
579,515,-13293,228.26585961041695
580,516,-13330,225.77162913978188
581,517,-13370,227.64306095288396
582,518,-13395,228.9165200283857
583,519,-13432,225.38795165189697
584,520,-13460,224.74311624898783
585,521,-13512,223.2710402890986
586,522,-13596,223.5305343345643
587,523,-13699,222.75834505097237
588,524,-13754,222.1576434042996
589,525,-13817,224.8571801594681
590,526,-13894,222.36468715588023
591,527,-13970,223.5107392974745
592,528,-13986,223.7681909549173
593,529,-14045,223.7224506956352
594,530,-14048,224.4079901815647
595,531,-14064,222.39327867419095
596,532,-14083,224.4802221411913
597,533,-14133,224.242360124708
598,534,-14164,222.4115117516632
599,535,-14201,224.8625784974834
600,536,-14216,226.1908800011438
601,537,-14237,221.48984625503215
602,538,-14258,227.3244742360862
603,539,-14272,223.2363153157684
604,540,-14290,220.48517092637948
605,541,-14310,218.56382460975144
606,542,-14328,214.2212288682848
607,543,-14346,212.84367513227136
608,544,-14367,214.5978424508933
609,545,-14387,212.4297076897044
610,546,-14404,214.8309479320241
611,547,-14424,211.2133503062316
612,548,-14441,209.50810411665643
613,549,-14460,212.94888538923
614,550,-14481,211.7934498012063
615,551,-14508,217.18722610003744
616,552,-14522,213.9380167825644
617,553,-14559,207.9470733853761
618,554,-14603,208.65010901966775
619,555,-14640,208.4614276166706
620,556,-14705,213.15469236971649
621,557,-14783,210.24939480334604
622,558,-14847,205.5254887694144
623,559,-14919,205.18509194320177
624,560,-14978,202.9290476816134
625,561,-15044,204.3247383426767
626,562,-15141,202.1012164231453
627,563,-15213,198.631089252931
628,564,-15286,198.29417538469403
629,565,-15337,195.87573909141443
630,566,-15361,194.651413175494
631,567,-15410,190.50284337603904
632,568,-15435,193.02021337722056
633,569,-15460,191.8856673685563
634,570,-15484,190.75739808941375
635,571,-15510,193.00049226913703
636,572,-15535,191.4761142959414
637,573,-15560,191.5857343990861
638,574,-15584,192.37047527166976
639,575,-15611,192.6236483930915
640,576,-15636,196.9632882286796
641,577,-15662,195.79039289658348
642,578,-15687,193.21020619774924
643,579,-15715,194.3760035369042
644,580,-15741,191.5189594499656
645,581,-15767,189.5231390515472
646,582,-15793,190.411456374954
647,583,-15819,191.7049630706334
648,584,-15847,187.25256339861124
649,585,-15875,191.20739896471937
650,586,-15904,189.51763426245728
651,587,-15930,190.2606131810841
652,588,-15957,191.7237910053392
653,589,-15985,188.54215704394005
654,590,-16015,188.6564989836098
655,591,-16042,188.9556833468375
656,592,-16074,187.78531136917945
657,593,-16100,187.7267726989902
658,594,-16131,188.64072093684447
659,595,-16160,188.59044595252615
660,596,-16189,184.87510819689115
661,597,-16223,189.0114574096496
662,598,-16251,185.64837724764448
663,599,-16282,188.87750852438725
664,600,-16314,188.52153443206024
665,601,-16345,189.03208526365853
666,602,-16374,187.1210722823276
667,603,-16410,188.73157502184156
668,604,-16441,188.2127161368506
669,605,-16472,188.46984987600771
670,606,-16507,187.44688100668245
671,607,-16536,187.0879474951784
672,608,-16569,187.6657005045612
673,609,-16632,188.57060817148655
674,610,-16727,193.90294365325792
675,611,-16797,191.2709926696737
676,612,-16853,192.9746062473733
677,613,-16885,188.43646889385016
678,614,-16916,188.49917580509657
679,615,-17043,192.7099140092297
680,616,-17202,191.0855048576497
681,617,-17332,191.584282023408
682,618,-17492,191.51661846127155
683,619,-17618,188.95303905155183
684,620,-17679,191.41876528996983
685,621,-17841,193.60063929670704
686,622,-17933,196.05515178135056
687,623,-18068,193.72302093582547
688,624,-18263,190.47301770392272
689,625,-18457,189.9902249511881
690,626,-18586,193.92595404672443
691,627,-18716,187.76130879373025
692,628,-18878,192.65750201107116
693,629,-19014,190.87078412905063
694,630,-19117,188.40117180397905
695,631,-19262,190.05178294941015
696,632,-19395,187.24278170075527
697,633,-19612,185.22605259203291
698,634,-19840,187.9571766507431
699,635,-19963,190.7825043804128
700,636,-20105,187.38113959770783
701,637,-20280,191.2705275530216
702,638,-20342,187.2242115241
703,639,-20397,187.0216472475
704,640,-20600,184.67921815
705,641,-20654,185.207494535
706,642,-20700,188.4866056205
707,643,-20799,190.0135889095
708,644,-20883,186.13368892427505
709,645,-21044,189.397339585125
710,646,-21063,190.53007546182505
711,647,-21157,190.08050149462505
712,648,-21235,188.6041093398
713,649,-21326,197.67188495835
714,650,-21408,193.532820435975
715,651,-21495,186.77935625475
716,652,-21650,187.985359152
717,653,-21923,183.12944747075
718,654,-22127,184.6823772
719,655,-22319,186.726894870075
720,656,-22693,180.565516782075
721,657,-23213,180.69369987575
722,658,-23401,182.66041686875
723,659,-23593,183.378918299
724,660,-23836,186.541161542
725,661,-24066,184.51815170625
726,662,-24304,184.5716823558
727,663,-24365,183.7673068405
728,664,-24510,186.0128248
729,665,-24587,185.5131813934
730,666,-24753,185.43660435787496
731,667,-24907,186.43114764435
732,668,-25004,188.0846282088
733,669,-25092,187.3935686286
734,670,-25134,186.271358966325
735,671,-25220,194.928153007
736,672,-25330,190.0614572262
737,673,-25491,191.953133708875
738,674,-25552,191.23379793375
739,675,-25599,191.5337587855875
740,676,-25636,191.95350057715
741,677,-25711,191.46001174245
742,678,-25737,192.712370759625
743,679,-25764,190.6078690615
744,680,-25768,189.304523923175
745,681,-25870,187.586392521325
746,682,-25916,190.5849616488
747,683,-25935,189.27849064935
748,684,-25977,188.98634898427505
749,685,-26023,189.286787345625
750,686,-26147,189.95757968037495
751,687,-26264,191.816137593
752,688,-26321,191.5941937651
753,689,-26419,192.63389865615
754,690,-26463,189.156744422
755,691,-26476,189.6458701976
756,692,-26627,193.1001041801
757,693,-26676,192.8154242622
758,694,-26774,193.80250764615
759,695,-26891,193.8897968002
760,696,-26952,192.68758991725
761,697,-26998,193.2594032754
762,698,-27058,192.8724796734
763,699,-27200,192.26433856792505
764,700,-27255,188.0966829643
765,701,-27299,192.39141674277
766,702,-27373,191.0119519104
767,703,-27416,189.82870639425
768,704,-27460,189.2132558424
769,705,-27659,189.24251845
770,706,-27731,189.77280474485
771,707,-27792,191.28441196185
772,708,-27887,190.9669244527
773,709,-28002,191.375496743275
774,710,-28049,191.5673410079
775,711,-28151,188.2467783878
776,712,-28231,188.475316491
777,713,-28327,186.5173876995
778,714,-28362,185.9886464213
779,715,-28450,184.2981804458
780,716,-28578,182.936081584225
781,717,-28762,187.1432812245
782,718,-28825,190.3322228457
783,719,-29155,187.999563507075
784,720,-29406,188.4753253155
785,721,-29574,189.946864958
786,722,-29842,193.71283854975
787,723,-29868,192.9276430365
788,724,-29983,192.507154839675
789,725,-30076,193.3257604058
790,726,-30129,193.90502757875
791,727,-30197,196.4166558834
792,728,-30200,196.9080549903
793,729,-30357,192.46518778166669
794,730,-30411,195.247244775875
795,731,-30484,194.110429478875
796,732,-30561,194.606829741
797,733,-30644,194.4295742917
798,734,-30727,195.08012700165003
799,735,-30764,195.93861278715
800,736,-30863,199.302319209275
801,737,-30930,196.70181603277496
802,738,-31059,196.32609642975
803,739,-31198,197.646004846875
804,740,-31467,196.89622890765
805,741,-31541,197.12526326695
806,742,-31605,197.79975641045
807,743,-31808,200.03106638475
808,744,-31891,195.627148340675
809,745,-31935,195.2662323655
810,746,-31957,194.46060405395
811,747,-31975,194.47027317217496
812,748,-32007,196.47191999325
813,749,-32041,195.41091567172495
814,750,-32114,195.93175875275
815,751,-32240,194.8874767012333
816,752,-32300,195.7913334535
817,753,-32362,196.266613322
818,754,-32384,196.201852015
819,755,-32606,199.6474818549
820,756,-32652,199.48892964
821,757,-32670,200.2924224414
822,758,-32697,198.89171239745
823,759,-32760,197.16130487225
824,760,-32875,202.795646976
825,761,-32916,203.0917776366
826,762,-33139,198.7828307793
827,763,-33215,203.60050857025
828,764,-33331,205.3761847385
829,765,-33387,204.46706210535
830,766,-33409,203.6185257355
831,767,-33433,201.35769286432503
832,768,-33495,200.29875552115
833,769,-33547,201.06305549865
834,770,-33558,202.041266727
835,771,-33580,201.88660042935
836,772,-33617,201.8276293501
837,773,-33722,201.81310262977505
838,774,-33751,200.5019756069
839,775,-33904,203.2886587452
840,776,-33998,198.799944457875
841,777,-34136,204.123014498
842,778,-34223,201.7797825328
843,779,-34311,200.09164615275
844,780,-34556,198.9617645275
845,781,-34641,205.10239260525
846,782,-34719,203.76951759
847,783,-34762,203.7543230524
848,784,-34870,202.76033458287495
849,785,-34989,203.514345808
850,786,-35073,206.3568576216
851,787,-35168,210.157174784
852,788,-35193,207.34584681975
853,789,-35346,208.25190909
854,790,-35352,209.65639176
855,791,-35388,206.586570978
856,792,-35481,212.5055286975
857,793,-35511,209.8366778265
858,794,-35668,214.2958990008333
859,795,-35697,212.135905967
860,796,-35827,212.09241359079
861,797,-35945,214.2064208262
862,798,-36050,211.213425214
863,799,-36138,214.3603925775
864,800,-36215,208.335059710425
865,801,-36242,206.5229252229
866,802,-36334,207.411157001
867,803,-36409,207.99977968
868,804,-36462,210.7947524055
869,805,-36522,207.2301825856
870,806,-36583,210.07869060075
871,807,-36623,208.23327262075
872,808,-36671,204.7919056404
873,809,-36720,204.455553872625
874,810,-36773,206.543994036
875,811,-36862,206.085787558
876,812,-36924,205.650989878
877,813,-37005,205.98808959113333
878,814,-37026,202.3448524395
879,815,-37103,204.2829889158
880,816,-37170,207.323585223
881,817,-37315,208.685091262475
882,818,-37353,209.495641888
883,819,-37369,209.326456305
884,820,-37389,207.868080375675
885,821,-37429,204.77737582488
886,822,-37452,191.53156337775
887,823,-37504,198.138503631
888,824,-37565,200.402973875925
889,825,-37671,195.70159247466665
890,826,-37759,196.6742707386
891,827,-37807,193.581354240625
892,828,-37934,193.873098888
893,829,-37950,197.55250733926664
894,830,-38092,192.5956555545
895,831,-38162,193.08131430805
896,832,-38195,193.690311850125
897,833,-38358,197.90454896091208
898,834,-38535,201.32268604261677
899,835,-38603,201.48445246633037
900,836,-38804,200.46615960740988
901,837,-38957,200.96619797440223
902,838,-39217,201.5320304267976
903,839,-39353,204.18539759772148
904,840,-39655,205.4900663672548
905,841,-39809,201.12434903906265
906,842,-39950,199.89056576724948
907,843,-40365,200.8960917386434
908,844,-40678,204.82674347655345
909,845,-40899,206.35415471090323
910,846,-41018,204.26047843855287
911,847,-41221,203.1620719019197
912,848,-41400,201.66462398159248
913,849,-41565,204.2219503591491
914,850,-41711,203.18091908152516
915,851,-41859,201.68967291161368
916,852,-42145,204.30591912829976
917,853,-42254,201.99679013111552
918,854,-42400,206.22156348649372
919,855,-42540,204.82615482707928
920,856,-42705,212.28537276723185
921,857,-42866,210.4383494018988
922,858,-43046,211.4870756888481
923,859,-43192,207.9533487146811
924,860,-43330,213.9182293789752
925,861,-43510,214.5013713408328
926,862,-43746,217.51186974587569
927,863,-43927,222.71746789063323
928,864,-44107,221.7721744693644
929,865,-44231,219.24687294689664
930,866,-44358,218.34888238109227
931,867,-44685,216.41663219437743
932,868,-44796,214.1828461994789
933,869,-44937,210.83763232817876
934,870,-45136,210.2720270577908
935,871,-45364,207.5966069009341
936,872,-45574,204.2599351400208
937,873,-45760,203.7878948817506
938,874,-45993,205.65965094423697
939,875,-46273,206.18208295015896
940,876,-46477,200.97514386943084
941,877,-47037,201.57862918592315
942,878,-47352,200.12004323663527
943,879,-47512,204.0580378539165
944,880,-47778,203.8713291389937
945,881,-48056,204.37676012041777
946,882,-48270,206.744026938688
947,883,-48577,207.40999031146947
948,884,-49079,207.63643592103045
949,885,-49481,211.57084710504336
950,886,-49829,215.07712976760632
951,887,-50136,213.81781717736385
952,888,-50434,219.08254103386616
953,889,-50623,220.7236106732058
954,890,-50850,221.1479059817251
955,891,-51158,223.71721395019227
956,892,-51450,223.261990272584
957,893,-51856,221.13790909272413
958,894,-52206,220.3743647767866
959,895,-52437,217.95673832028172
960,896,-52744,213.88701388029443
961,897,-53064,216.8579026931373
962,898,-53343,208.19350573591464
963,899,-53603,214.7766439566713
964,900,-53959,210.2748744860088
965,901,-54287,207.67411308560085
966,902,-54553,212.4366913146648
967,903,-55260,215.69652704379405
968,904,-55526,217.3763243825505
969,905,-55893,223.71829246142204
970,906,-56267,224.3533976707648
971,907,-56483,223.14855036746204
972,908,-57155,231.2935761342168
973,909,-57430,226.3532918442512
974,910,-57783,223.45481611599996
975,911,-58159,216.6606807562948
976,912,-58423,212.87091028761077
977,913,-58566,217.25313232793505
978,914,-58867,213.77895408048403
979,915,-59110,207.954258455404
980,916,-59284,210.56770709704924
981,917,-59604,210.90340290966515
982,918,-59950,206.3768851547348
983,919,-60602,202.5567478249938
984,920,-60824,202.7086782342372
985,921,-61010,200.14813320360096
986,922,-61605,197.40343593339367
987,923,-61946,197.242366435254
988,924,-62163,199.7280299125443
989,925,-62707,203.6954666984904
990,926,-62917,201.6702793802828
991,927,-63096,199.17080568979725
992,928,-63596,208.9757824141881
993,929,-63814,198.17360428453375
994,930,-63987,200.59108353507256
995,931,-64489,204.3859977224767
996,932,-65009,207.20522458616009
997,933,-65364,201.14189964947187
998,934,-65779,203.758804582249
999,935,-66196,200.17043811242027
1000,936,-66669,203.42547248921588
1001,937,-67131,205.42035908699597
1002,938,-67642,211.2583877926514
1003,939,-68102,215.55081317503783
1004,940,-68477,220.32661122546068
1005,941,-68978,225.17215906542415
1006,942,-69329,235.01577011604036
1007,943,-69743,237.5634446299485
1008,944,-70142,239.45635365708617
1009,945,-70540,232.7908655423784
1010,946,-70916,232.33476105332247
1011,947,-71269,230.89095840633556
1012,948,-71800,232.73507960739272
1013,949,-72271,231.3339802376306
1014,950,-72575,241.2403946279206
1015,951,-73117,243.2700059361268
1016,952,-73595,249.52367746086176
1017,953,-73900,249.9395723649484
1018,954,-74297,239.34140543854343
1019,955,-74746,238.01317290414423
1020,956,-75106,231.68344444807624
1021,957,-75665,224.91795384960736
1022,958,-76130,226.64717080896844
1023,959,-76557,224.1427524434798
1024,960,-77019,227.2993454606292
1025,961,-77460,229.25533496544975
1026,962,-77927,234.7426828516585
1027,963,-78380,230.6005847869417
1028,964,-78771,233.92301778529907
1029,965,-79256,230.32953997112173
1030,966,-79761,234.13416436720672
1031,967,-80118,238.88896579028287
1032,968,-80576,240.87295493897983
1033,969,-81038,246.32246412221588
1034,970,-81604,247.1003682352176
1035,971,-81990,250.78745315401204
1036,972,-82407,243.16072770547603
1037,973,-82986,238.42310352799865
1038,974,-83417,234.68610329976863
1039,975,-83940,228.7630419503089
1040,976,-84548,223.3774166240217
1041,977,-85077,221.05561058442584
1042,978,-85631,223.62974404078184
1043,979,-86186,217.8009629500103
1044,980,-86751,223.98941409211108
1045,981,-87294,227.3783735355835
1046,982,-87746,228.87834564758057
1047,983,-88367,229.73738145870652
1048,984,-88884,231.55865048827812
1049,985,-89495,231.12075636405777
1050,986,-89999,233.7418402936756
1051,987,-90717,232.45568865935812
1052,988,-91474,235.1600042216258
1053,989,-91873,238.2070953273144
1054,990,-92618,242.40636016295772
1055,991,-93284,242.9141171772084
1056,992,-93971,246.19646528867355
1057,993,-94524,245.7647295013877
1058,994,-95320,242.35406601147716
1059,995,-95977,239.85849997327503
1060,996,-96633,243.179887786166
1061,997,-97411,242.98971287919505
1062,998,-98126,245.62557787811392
1063,999,-98593,247.872113110669
1064,1000,-99375,244.762424566832
1065,1001,-100021,240.0715355271941
1066,1002,-100814,237.07327561500705
1067,1003,-101358,240.68407213384208
1068,1004,-102324,247.76162928794557
1069,1005,-102381,238.88
1070,1006,-103016,242.36
1071,1007,-103557,248.78
1072,1008,-104039,257.58
1073,1009,-104306,241.4
1074,1010,-104418,244.83
1075,1011,-105024,240.34
1076,1012,-106451,236.43
1077,1013,-107179,244.44
1078,1014,-107889,244.13
1079,1015,-108605,246.69
1080,1016,-109926,257.93
1081,1017,-110686,256.79
1082,1018,-110991,263.12
1083,1019,-111169,264.75
1084,1020,-111728,260.58
1085,1021,-112300,267.9
1086,1022,-112865,275.07
1087,1023,-113496,276.96
1088,1024,-113958,273.16
1089,1025,-114525,273.63
1090,1026,-115235,274.03
1091,1027,-115669,274.98
1092,1028,-116708,277.72
1093,1029,-117292,267.74
1094,1030,-117765,274.59
1095,1031,-118194,268.73
1096,1032,-118592,276.82
1097,1033,-119476,279.48
1098,1034,-119891,276.61
1099,1035,-120150,278.25
1100,1036,-120342,279.0
1101,1037,-121063,279.16
1102,1038,-121680,274.6
1103,1039,-122009,275.87
1104,1040,-122454,281.54
1105,1041,-122867,275.52
1106,1042,-123342,276.81
1107,1043,-124063,275.15
1108,1044,-124749,273.02
1109,1045,-125012,274.93
1110,1046,-125363,275.78
1111,1047,-125553,276.88
1112,1048,-126074,276.03
1113,1049,-126222,280.72
1114,1050,-126516,285.76
1115,1051,-126928,271.08
1116,1052,-127128,268.44
1117,1053,-127705,260.61
1118,1054,-128423,251.84
1119,1055,-128868,250.84
1120,1056,-129372,241.13
1121,1057,-130026,232.28
1122,1058,-130759,228.0
1123,1059,-130981,224.63
1124,1060,-131825,222.74
1125,1061,-132572,212.43
1126,1062,-134615,203.74
1127,1063,-135813,199.18
1128,1064,-136884,198.55
1129,1065,-137999,192.75
1130,1066,-140410,196.51
1131,1067,-141701,194.59
1132,1068,-142849,196.02
1133,1069,-144158,193.59
1134,1070,-146283,195.81
1135,1071,-147516,201.78
1136,1072,-148644,202.51
1137,1073,-149494,202.35
1138,1074,-151824,198.78
1139,1075,-152939,196.3
1140,1076,-154356,189.38
1141,1077,-156716,189.0
1142,1078,-157766,185.5
1143,1079,-158204,187.5
1144,1080,-161908,204.3
1145,1081,-162384,196.5
1146,1082,-164193,191.6
1147,1083,-164834,190.1
1148,1084,-165964,186.7
1149,1085,-166795,183.8
1150,1086,-167564,196.6
1151,1087,-169989,197.8
1152,1088,-172492,197.7
1153,1089,-173883,196.0
1154,1090,-174903,190.3
1155,1091,-175583,189.4
1156,1092,-175779,190.1
1157,1093,-177923,207.7
1158,1094,-179352,213.2
1159,1095,-180246,217.7
1160,1096,-181307,198.1
1161,1097,-182421,199.7
1162,1098,-184461,203.4
1163,1099,-186487,210.7
1164,1100,-187856,231.3
1165,1101,-189304,231.4
1166,1102,-190014,220.3
1167,1103,-191124,218.0
1168,1104,-193176,226.5
1169,1105,-193849,220.0
1170,1106,-195637,226.4
1171,1107,-196377,241.2
1172,1108,-196988,242.6
1173,1109,-199802,250.9
1174,1110,-200794,239.1
1175,1111,-201892,247.6
1176,1112,-203253,244.4
1177,1113,-203625,231.9
1178,1114,-203994,232.2
1179,1115,-204409,228.6
1180,1116,-204946,226.3
1181,1117,-205290,229.4
1182,1118,-205672,231.4
1183,1119,-206158,238.1
1184,1120,-206324,237.2
1185,1121,-206871,230.0
1186,1122,-207132,240.5
1187,1123,-207495,242.2
1188,1124,-208016,244.6
1189,1125,-208225,243.9
1190,1126,-208882,247.2
1191,1127,-209108,252.0
1192,1128,-209627,246.9
1193,1129,-210128,239.5
1194,1130,-210583,257.4
1195,1131,-211380,243.4
1196,1132,-212208,251.2
1197,1133,-213130,241.4
1198,1134,-213962,240.3
1199,1135,-214356,242.6
1200,1136,-214914,247.5
1201,1137,-215465,251.7
1202,1138,-215744,251.1
1203,1139,-216250,245.3
1204,1140,-217117,240.5
1205,1141,-218985,214.1
1206,1142,-219747,216.1
1207,1143,-220589,207.1
1208,1144,-221179,208.8
1209,1145,-222321,205.6
1210,1146,-224309,203.3
1211,1147,-224899,215.7
1212,1148,-225769,235.5
1213,1149,-226489,234.5
1214,1150,-226816,233.1
1215,1151,-227622,224.5
1216,1152,-229179,232.4
1217,1153,-230241,233.9
1218,1154,-230906,241.6
1219,1155,-234040,245.2
1220,1156,-234476,252.1
1221,1157,-234900,241.4
1222,1158,-235441,247.4
1223,1159,-235955,243.1
1224,1160,-236475,239.1
1225,1161,-237058,245.6
1226,1162,-237437,245.8
1227,1163,-237788,247.4
1228,1164,-238240,252.8
1229,1165,-239383,259.7
1230,1166,-239905,263.2
1231,1167,-240735,279.0
1232,1168,-241188,280.2
1233,1169,-242171,263.7
1234,1170,-242632,252.3
1235,1171,-243107,249.9
1236,1172,-243614,236.7
1237,1173,-244238,230.4
1238,1174,-244920,219.4
1239,1175,-247149,214.7
1240,1176,-249440,200.2
1241,1177,-250182,213.9
1242,1178,-251003,195.4
1243,1179,-251806,196.7
1244,1180,-252637,195.4
1245,1181,-254348,199.0
1246,1182,-255110,201.9
1247,1183,-255958,204.0
1248,1184,-257446,203.9
1249,1185,-258944,209.6
1250,1186,-259343,205.7
1251,1187,-260104,208.9
1252,1188,-260867,214.6
1253,1189,-262633,228.1
1254,1190,-264184,199.9
1255,1191,-265057,211.7
1256,1192,-266307,188.7
1257,1193,-267045,187.2
1258,1194,-267990,194.2
1259,1195,-269086,198.8
1260,1196,-270199,184.7
1261,1197,-271215,190.4
1262,1198,-272214,193.9
1263,1199,-273204,194.1
1264,1200,-274307,198.4
1265,1201,-275493,193.2
1266,1202,-276640,202.2
1267,1203,-277669,204.5
1268,1204,-278608,211.0
1269,1205,-279450,215.3
1270,1206,-280642,223.7
1271,1207,-282484,231.3
1272,1208,-283981,228.0
1273,1209,-284659,226.4
1274,1210,-285493,231.4
1275,1211,-285870,230.4
1276,1212,-286336,231.0
1277,1213,-288234,234.9
1278,1214,-288913,220.4
1279,1215,-289612,217.1
1280,1216,-290868,207.6
1281,1217,-291700,206.0
1282,1218,-292505,206.7
1283,1219,-293414,212.7
1284,1220,-294878,213.1
1285,1221,-296754,217.1
1286,1222,-297426,224.4
1287,1223,-298165,231.0
1288,1224,-299075,236.1
1289,1225,-300134,239.0
1290,1226,-301166,236.0
1291,1227,-302150,240.2
1292,1228,-303149,240.7
1293,1229,-303828,250.2
1294,1230,-304631,248.6
1295,1231,-305513,244.8
1296,1232,-306375,225.8
1297,1233,-307473,227.8
1298,1234,-308060,226.2
1299,1235,-308826,233.2
1300,1236,-309720,237.8
1301,1237,-310643,239.0
1302,1238,-311393,241.9
1303,1239,-312101,251.6
1304,1240,-312886,256.7
1305,1241,-313707,257.1
1306,1242,-314500,246.8
1307,1243,-315199,272.6
1308,1244,-315982,251.6
1309,1245,-316902,245.2
1310,1246,-317879,233.4
1311,1247,-318966,255.8
1312,1248,-319867,249.2
1313,1249,-321433,257.2
1314,1250,-322216,260.4
1315,1251,-323057,260.3
1316,1252,-323873,260.5
1317,1253,-324641,266.2
1318,1254,-325485,264.0
1319,1255,-326136,266.1
1320,1256,-326820,270.1
1321,1257,-327464,271.9
1322,1258,-328103,275.1
1323,1259,-329343,265.0
1324,1260,-330194,271.7
1325,1261,-330848,272.6
1326,1262,-331550,273.1
1327,1263,-332047,282.4
1328,1264,-332399,289.1
1329,1265,-332593,288.4
1330,1266,-333152,298.6
1331,1267,-333757,278.1
1332,1268,-334427,285.8
1333,1269,-334917,278.6
1334,1270,-335566,270.5
1335,1271,-336263,255.7
1336,1272,-337041,241.9
1337,1273,-338033,239.6
1338,1274,-338785,234.2
1339,1275,-340841,250.1
1340,1276,-341973,200.7
1341,1277,-343050,205.2
1342,1278,-344370,204.8
1343,1279,-345594,211.9
1344,1280,-347189,220.3
1345,1281,-349726,221.1
1346,1282,-351224,216.2
1347,1283,-352462,209.4
1348,1284,-353867,209.2
1349,1285,-357060,193.0
1350,1286,-358733,186.1
1351,1287,-360617,185.8
1352,1288,-363240,201.2
1353,1289,-366115,206.3
1354,1290,-369435,201.9
1355,1291,-371507,199.9
1356,1292,-373254,214.7
1357,1293,-375084,224.6
1358,1294,-376810,229.6
1359,1295,-380981,227.0
1360,1296,-382607,240.0
1361,1297,-384333,239.1
1362,1298,-385874,246.8
1363,1299,-387460,245.8
1364,1300,-390337,258.1
1365,1301,-391027,259.5
1366,1302,-392053,273.6
1367,1303,-392956,260.7
1368,1304,-396325,276.3
1369,1305,-397976,277.1
1370,1306,-398760,283.2
1371,1307,-400190,283.1
1372,1308,-400909,275.7
1373,1309,-402363,276.5
1374,1310,-403112,280.5
1375,1311,-404592,279.6
1376,1312,-405332,285.6
1377,1313,-406868,284.5
1378,1314,-407648,274.7
1379,1315,-408503,282.6
1380,1316,-409397,283.5
1381,1317,-411308,274.9
1382,1318,-412260,264.9
1383,1319,-413229,271.6
1384,1320,-413995,276.4
1385,1321,-414475,271.7
1386,1322,-415490,273.4
1387,1323,-416006,271.8
1388,1324,-416555,274.6
1389,1325,-417625,273.7
1390,1326,-418183,271.2
1391,1327,-418751,273.8
1392,1328,-419962,268.6
1393,1329,-420582,266.4
1394,1330,-421275,270.6
1395,1331,-422557,267.7
1396,1332,-423182,268.3
1397,1333,-423790,270.8
1398,1334,-424287,270.0
1399,1335,-424671,265.4
1400,1336,-425204,255.3
1401,1337,-425991,252.1
1402,1338,-426890,248.2
1403,1339,-427228,242.5
1404,1340,-429073,219.7
1405,1341,-430229,227.2
1406,1342,-431900,211.5
1407,1343,-432429,207.6
1408,1344,-433989,209.8
1409,1345,-435535,207.5
1410,1346,-437113,200.3
1411,1347,-438709,201.7
1412,1348,-440280,201.3
1413,1349,-441894,202.0
1414,1350,-443381,199.1
1415,1351,-445269,201.1
1416,1352,-446509,203.5
1417,1353,-447621,208.1
1418,1354,-448692,201.7
1419,1355,-449797,201.2
1420,1356,-450785,204.9
1421,1357,-451825,201.9
1422,1358,-452914,198.4
1423,1359,-454051,193.3
1424,1360,-455164,192.5
1425,1361,-455795,199.1
1426,1362,-456258,204.3
1427,1363,-456844,203.3
1428,1364,-457261,208.3
1429,1365,-458302,202.4
1430,1366,-459336,195.5
1431,1367,-460464,190.7
1432,1368,-461576,194.4
1433,1369,-462649,199.9
1434,1370,-463315,205.2
1435,1371,-463651,210.0
1436,1372,-464682,208.1
1437,1373,-465756,204.4
1438,1374,-466927,203.4
1439,1375,-468090,205.5
1440,1376,-468775,206.5
1441,1377,-469250,215.5
1442,1378,-469874,218.7
1443,1379,-470313,229.2
1444,1380,-470913,232.7
1445,1381,-471267,243.7
1446,1382,-471850,243.9
1447,1383,-472142,245.6
1448,1384,-473024,241.2
1449,1385,-473975,233.1
1450,1386,-474999,232.8
1451,1387,-475991,236.6
1452,1388,-476942,239.1
1453,1389,-477452,236.5
1454,1390,-477825,231.3
1455,1391,-478378,220.8
1456,1392,-478776,218.8
1457,1393,-479712,223.8
1458,1394,-480630,223.4
1459,1395,-481445,227.3
1460,1396,-482229,231.4
1461,1397,-482986,231.4
1462,1398,-483717,231.2
1463,1399,-484448,233.0
1464,1400,-485179,232.9
1465,1401,-485898,231.3
1466,1402,-486615,237.1
1467,1403,-487352,242.0
1468,1404,-487769,240.9
1469,1405,-488076,252.8
1470,1406,-488544,249.3
1471,1407,-488783,242.6
1472,1408,-489501,243.3
1473,1409,-490204,246.7
1474,1410,-490913,243.7
1475,1411,-491643,239.7
1476,1412,-492350,239.1
1477,1413,-493074,238.3
1478,1414,-493775,238.5
1479,1415,-494494,237.6
1480,1416,-495237,236.4
1481,1417,-496015,236.5
1482,1418,-496787,232.8
1483,1419,-497576,230.6
1484,1420,-498354,230.8
1485,1421,-499133,228.2
1486,1422,-499911,230.8
1487,1423,-500687,231.2
1488,1424,-501468,232.0
1489,1425,-502227,232.2
1490,1426,-502961,234.1
1491,1427,-503734,233.9
1492,1428,-504533,235.5
1493,1429,-505362,236.0
1494,1430,-506167,238.2
1495,1431,-506990,237.0
1496,1432,-507834,240.3
1497,1433,-508702,233.4
1498,1434,-509562,236.4
1499,1435,-510413,235.2
1500,1436,-511254,242.0
1501,1437,-512083,238.2
1502,1438,-512897,239.2
1503,1439,-513700,241.5
1504,1440,-514470,243.0
1505,1441,-515204,247.2
1506,1442,-515926,246.2
1507,1443,-516650,245.5
1508,1444,-517379,245.3
1509,1445,-518123,247.7
1510,1446,-518871,245.5
1511,1447,-519624,243.5
1512,1448,-521851,241.9
1513,1449,-522620,236.8
1514,1450,-523387,235.8
1515,1451,-524156,233.7
1516,1452,-524945,230.3
1517,1453,-525748,227.8
1518,1454,-526566,224.7
1519,1455,-527453,222.7
1520,1456,-528340,221.2
1521,1457,-529251,220.3
1522,1458,-530128,220.7
1523,1459,-530642,214.5
1524,1460,-531037,211.4
1525,1461,-531604,204.4
1526,1462,-531982,200.0
1527,1463,-532718,195.1
1528,1464,-533093,193.8
1529,1465,-533745,190.5
1530,1466,-534228,199.8
1531,1467,-535384,199.4
1532,1468,-536490,205.0
1533,1469,-537563,206.4
1534,1470,-538633,212.9
1535,1471,-539703,211.2
1536,1472,-540790,205.0
1537,1473,-541894,203.6
1538,1474,-542935,208.1
1539,1475,-543914,210.3
1540,1476,-544880,209.6
1541,1477,-545856,209.7
1542,1478,-546820,204.6
1543,1479,-547770,202.5
1544,1480,-548280,208.8
1545,1481,-548632,213.6
1546,1482,-549431,215.2
1547,1483,-550161,219.9
1548,1484,-550731,221.7
1549,1485,-551070,222.3
1550,1486,-551295,226.3
1551,1487,-551669,222.1
1552,1488,-551858,220.3
1553,1489,-552529,223.6
1554,1490,-553208,224.3
1555,1491,-553892,226.7
1556,1492,-554457,233.9
1557,1493,-554973,241.0
1558,1494,-555248,243.0
1559,1495,-555435,249.1
1560,1496,-555707,244.0
1561,1497,-555888,250.5
1562,1498,-556204,245.6
1563,1499,-556356,240.4
1564,1500,-556827,238.1
1565,1501,-557366,234.5
1566,1502,-557686,229.7
1567,1503,-557922,230.2
1568,1504,-558486,230.3
1569,1505,-559015,228.3
1570,1506,-559500,231.6
1571,1507,-559938,231.9
1572,1508,-560360,234.6
1573,1509,-560705,234.1
1574,1510,-561184,240.1
1575,1511,-561585,242.3
1576,1512,-561977,245.7
1577,1513,-562360,245.8
1578,1514,-562774,247.6
1579,1515,-563184,251.4
1580,1516,-563588,252.4
1581,1517,-563945,252.6
1582,1518,-564295,251.4
1583,1519,-564638,253.7
1584,1520,-564968,254.3
1585,1521,-565289,253.9
1586,1522,-565598,254.5
1587,1523,-565934,253.2
1588,1524,-566254,253.9
1589,1525,-566584,252.8
1590,1526,-566980,253.0
1591,1527,-567364,250.2
1592,1528,-567733,251.3
1593,1529,-568117,250.0
1594,1530,-568513,251.3
1595,1531,-568912,251.8
1596,1532,-569311,251.8
1597,1533,-569683,249.6
1598,1534,-570024,251.6
1599,1535,-570365,250.3009961681342
1600,1536,-570719,246.30955184938028
1601,1537,-571103,247.65697248974385
1602,1538,-571525,249.18618138857704
1603,1539,-571963,248.72078039844757
1604,1540,-572414,251.7666008144979
1605,1541,-572856,251.8615047665413
1606,1542,-573283,252.08002667419615
1607,1543,-573704,248.8639219697805
1608,1544,-574162,252.543697553062
1609,1545,-574649,252.8973536409592
1610,1546,-575165,251.2965766771463
1611,1547,-575703,251.341725346752
1612,1548,-576246,251.0792763522184
1613,1549,-576792,249.0568689785398
1614,1550,-577330,252.92340485161623
1615,1551,-577883,251.47302309267096
1616,1552,-578260,244.13978325747763
1617,1553,-578451,243.8071398156684
1618,1554,-578864,236.17021956160747
1619,1555,-579168,230.2553890769855
1620,1556,-579596,225.2070402346668
1621,1557,-579978,219.4126580601745
1622,1558,-580504,215.44586651227405
1623,1559,-580886,209.88341782048892
1624,1560,-581624,206.68125254107684
1625,1561,-582008,210.6390178335049
1626,1562,-584770,223.95763277250387
1627,1563,-585221,225.9929310765137
1628,1564,-585938,234.40092907192803
1629,1565,-586329,238.7841158534624
1630,1566,-586990,246.34602904387208
1631,1567,-587475,250.20456464222792
1632,1568,-588090,248.1046423657793
1633,1569,-588538,243.5553025827732
1634,1570,-589069,237.37751240309967
1635,1571,-590433,225.678803565834
1636,1572,-590835,229.3866700921104
1637,1573,-591611,233.1632188953882
1638,1574,-592096,238.1475936125431
1639,1575,-592913,237.9772146198636
1640,1576,-593486,232.91795566697328
1641,1577,-594271,221.2172428733
1642,1578,-594841,216.4410115698623
1643,1579,-595853,216.27309709713364
1644,1580,-596379,219.0222803388292
1645,1581,-597268,225.9716626647501
1646,1582,-597864,229.38148051861887
1647,1583,-599305,232.45478922791705
1648,1584,-600650,237.8582812314746
1649,1585,-601999,239.14012591458967
1650,1586,-603353,244.5322516170048
1651,1587,-604675,248.4801850050678
1652,1588,-606029,254.57832546938147
1653,1589,-607297,259.22379791893974
1654,1590,-608479,257.7448677422332
1655,1591,-609601,257.8151013837554
1656,1592,-609650,259.6847091794925
1657,1593,-610811,258.13797445364014
1658,1594,-611992,256.193578648728
1659,1595,-613190,252.74797477389265
1660,1596,-614349,252.8982584181087
1661,1597,-614406,252.729800513971
1662,1598,-615659,252.63944486217684
1663,1599,-617003,248.28893339724928
1664,1600,-618333,245.8865878724808
1665,1601,-619701,243.5306835863856
1666,1602,-621000,243.88545246756436
1667,1603,-621104,239.19230883467588
1668,1604,-622546,237.92850701362372
1669,1605,-623447,235.02330647237795
1670,1606,-624097,228.5122253513537
1671,1607,-625019,215.70968264504967
1672,1608,-625880,205.76310728563763
1673,1609,-627189,199.52416462021895
1674,1610,-627819,205.26582182975855
1675,1611,-627916,200.77734554085592
1676,1612,-629576,200.4570693283412
1677,1613,-630406,196.49917279673912
1678,1614,-632127,193.09789993536265
1679,1615,-632931,195.94989153226655
1680,1616,-633059,194.85936588137292
1681,1617,-634571,194.00258992033588
1682,1618,-635764,195.33150117951013
1683,1619,-637468,188.8477364074226
1684,1620,-638422,190.1777336005101
1685,1621,-640124,191.3842569534652
1686,1622,-640906,191.5605717991007
1687,1623,-642350,195.3061298127235
1688,1624,-643200,195.8204274432848
1689,1625,-644426,189.88548096825596
1690,1626,-645304,191.8480609628653
1691,1627,-646662,193.4765987078096
1692,1628,-647241,196.171494104952
1693,1629,-648398,189.2501799432969
1694,1630,-648997,193.44315462070247
1695,1631,-650154,187.2748940558699
1696,1632,-650758,186.7937683040444
1697,1633,-651780,192.8691774329536
1698,1634,-652488,194.81602929906572
1699,1635,-653574,199.99595342018023
1700,1636,-654182,200.35242454933484
1701,1637,-655231,192.9341212467433
1702,1638,-655704,189.23340881737832
1703,1639,-655771,190.8769405532136
1704,1640,-656814,184.098136363561
1705,1641,-657343,187.3800806732598
1706,1642,-657461,185.6837857761792
1707,1643,-658513,188.43427447380083
1708,1644,-659168,193.9700304568731
1709,1645,-659265,191.59170346951032
1710,1646,-660332,189.6905841804821
1711,1647,-660846,193.9082170435541
1712,1648,-660927,190.86103041769672
1713,1649,-661987,191.02249326390395
1714,1650,-662370,192.55321359717547
1715,1651,-662458,187.7670323098909
1716,1652,-663371,180.16659707392196
1717,1653,-663886,180.53768178380184
1718,1654,-664803,174.76867941399888
1719,1655,-665459,173.71362014216885
1720,1656,-666465,177.7146610306198
1721,1657,-666965,180.6705433303129
1722,1658,-667869,187.6555369926176
1723,1659,-668346,191.5141318512642
1724,1660,-669120,194.87837297832084
1725,1661,-669507,196.8275423165405
1726,1662,-670200,194.789560383579
1727,1663,-670811,197.1291521940604
1728,1664,-671746,201.1220985980582
1729,1665,-672279,204.669745646326
1730,1666,-673078,211.69145610328425
1731,1667,-673456,216.1224817958984
1732,1668,-674580,222.57485445876677
1733,1669,-675202,219.96238463739664
1734,1670,-675650,216.59070226826563
1735,1671,-676378,218.20973466460345
1736,1672,-676791,220.086237115456
1737,1673,-677505,229.16045804591084
1738,1674,-677785,232.70102424711223
1739,1675,-678362,233.61111358821643
1740,1676,-678677,233.1080061479115
1741,1677,-679275,225.80855816583323
1742,1678,-679719,227.89516025735253
1743,1679,-680393,221.30626385386472
1744,1680,-680790,219.1411841639893
1745,1681,-681507,220.2352186749276
1746,1682,-681878,222.6967127552533
1747,1683,-682473,225.64160209672892
1748,1684,-682808,224.3560776723839
1749,1685,-683344,221.82035466276145
1750,1686,-683729,220.62261407272987
1751,1687,-684319,220.6316642042182
1752,1688,-684631,222.61792578852743
1753,1689,-685204,222.7044405108711
1754,1690,-685495,222.96501296914877
1755,1691,-686050,226.72892608676472
1756,1692,-686350,227.65046207304687
1757,1693,-686859,227.6358560751815
1758,1694,-687207,230.66878933516543
1759,1695,-687743,232.0747771551575
1760,1696,-688001,232.26747586461005
1761,1697,-688524,235.8000553317824
1762,1698,-688786,236.4535724768809
1763,1699,-689271,239.2879301088554
1764,1700,-689517,238.41599878810229
1765,1701,-690017,239.37873479610943
1766,1702,-690368,243.5623167259663
1767,1703,-690882,239.2983940505077
1768,1704,-691127,238.47330442832688
1769,1705,-691624,243.6995486644999
1770,1706,-691871,237.7560079776989
1771,1707,-692330,239.3406332632852
1772,1708,-692586,240.45669225384145
1773,1709,-692999,239.31113174299168
1774,1710,-693309,239.79653384828728
1775,1711,-693782,236.7987347932641
1776,1712,-694031,238.73723027829791
1777,1713,-694484,238.0518499460627
1778,1714,-694694,238.13269799082363
1779,1715,-695140,239.4354918894625
1780,1716,-695392,238.41997928360917
1781,1717,-695796,239.884743914407
1782,1718,-696089,241.0299151581724
1783,1719,-696555,240.89904625193032
1784,1720,-696803,241.8320311598419
1785,1721,-697265,238.8636108455049
1786,1722,-697489,239.00952129629684
1787,1723,-697914,239.72641961823388
1788,1724,-698153,237.20611593740932
1789,1725,-698535,236.7173884297771
1790,1726,-698864,236.6070014153336
1791,1727,-699318,235.4215271002262
1792,1728,-699574,232.4560078431405
1793,1729,-700043,230.88479116742863
1794,1730,-700250,232.162121529527
1795,1731,-700784,232.1824465330735
1796,1732,-701059,230.58782898361125
1797,1733,-701518,233.3539062097976
1798,1734,-701846,232.2805206457517
1799,1735,-702300,232.82958847745476
1800,1736,-702631,233.54448715907165
1801,1737,-703103,234.04269676194463
1802,1738,-703293,235.09172492612444
1803,1739,-703776,237.18468030646915
1804,1740,-704103,237.661231516828
1805,1741,-704542,236.05369135840692
1806,1742,-704760,236.0453403013913
1807,1743,-705360,238.8480696520816
1808,1744,-705693,233.50528810247425
1809,1745,-706249,233.5834734270881
1810,1746,-706463,233.11228487432956
1811,1747,-707009,234.83616059567032
1812,1748,-707503,231.43297127712552
1813,1749,-707959,230.50735989141307
1814,1750,-708506,227.032822730358
1815,1751,-709033,224.9017352890244
1816,1752,-709449,225.3889691337453
1817,1753,-710071,224.1234469162136
1818,1754,-710293,224.001743721128
1819,1755,-711362,223.8856925917568
1820,1756,-712115,227.63734055505356
1821,1757,-712453,227.08319713303533
1822,1758,-713165,223.14262795384457
1823,1759,-713615,227.5826981949172
1824,1760,-714360,213.59999290263292
1825,1761,-714635,210.5098874628876
1826,1762,-715398,198.42559568024177
1827,1763,-716005,189.87843381686548
1828,1764,-716828,193.46090298257133
1829,1765,-717337,200.8234844705578
1830,1766,-718137,212.030518626341
1831,1767,-718640,217.0426911316349
1832,1768,-719457,219.2003556861584
1833,1769,-719739,218.956944794401
1834,1770,-720555,216.09677010835375
1835,1771,-721044,212.108071771009
1836,1772,-721830,212.54540888381376
1837,1773,-722191,214.0125927948141
1838,1774,-723025,210.4806821716978
1839,1775,-723524,211.49197634968232
1840,1776,-724299,211.075995557622
1841,1777,-724626,211.42656926315465
1842,1778,-725948,210.0675097854836
1843,1779,-726643,210.24197486380825
1844,1780,-727037,211.0778130948141
1845,1781,-727886,210.0149974521128
1846,1782,-728310,212.1716466152816
1847,1783,-728958,210.16351745201928
1848,1784,-729234,210.702373057978
1849,1785,-729910,211.62321092369945
1850,1786,-730371,213.73187878271676
1851,1787,-731043,208.1143039021245
1852,1788,-731378,207.72075200492253
1853,1789,-732072,210.60174265873587
1854,1790,-732512,216.1485998526368
1855,1791,-733184,214.6624205315424
1856,1792,-733459,217.88283774216444
1857,1793,-734157,217.1944729687879
1858,1794,-734572,213.14402038614645
1859,1795,-735319,206.92018121563933
1860,1796,-735710,204.5191038769512
1861,1797,-736630,191.7441063146352
1862,1798,-737224,185.6096600660596
1863,1799,-738156,185.40236646163788
1864,1800,-738510,183.3925392147808
1865,1801,-739379,184.7670847091236
1866,1802,-739924,189.1426274551468
1867,1803,-740694,188.64664196412704
1868,1804,-741112,187.3271928405565
1869,1805,-742009,188.17959977716012
1870,1806,-742573,188.96881973948896
1871,1807,-743721,187.29232436787936
1872,1808,-744669,190.24154927677864
1873,1809,-745227,187.91988159174213
1874,1810,-745990,187.9522843282685
1875,1811,-746386,187.54375693792412
1876,1812,-747312,188.67887489361215
1877,1813,-747864,190.17483689562675
1878,1814,-748756,192.0759223880364
1879,1815,-749086,191.29603626015796
1880,1816,-750023,193.54717137122023
1881,1817,-750615,197.49572596202373
1882,1818,-751539,195.43388919380428
1883,1819,-751984,203.90279658442105
1884,1820,-753164,199.046053641412
1885,1821,-753636,203.2996954570858
1886,1822,-754616,208.10367110123957
1887,1823,-754900,209.44507971285617
1888,1824,-755835,213.61139014973045
1889,1825,-756412,218.3519526756556
1890,1826,-757185,222.7200859322036
1891,1827,-757611,226.94301148021165
1892,1828,-757928,223.0236554615564
1893,1829,-758158,225.37366760867587
1894,1830,-758566,225.61582539678184
1895,1831,-758989,222.7085788690187
1896,1832,-759914,216.64080861985224
1897,1833,-760216,214.6940079861074
1898,1834,-761151,213.99980285899036
1899,1835,-761820,219.9481576823577
1900,1836,-762726,223.89295015434175
1901,1837,-763231,222.92608638468548
1902,1838,-763636,233.66090567198847
1903,1839,-763901,229.40748753827657
1904,1840,-764238,232.11545547204437
1905,1841,-764858,230.6229188352788
1906,1842,-765797,224.86466602091244
1907,1843,-766167,223.8179649132784
1908,1844,-767111,221.6409365039408
1909,1845,-767701,225.86635666622996
1910,1846,-768649,230.62690342109488
1911,1847,-769070,229.56423626852964
1912,1848,-769569,236.31890028889168
1913,1849,-769862,234.24054819146696
1914,1850,-770225,239.7120056138232
1915,1851,-770524,243.88525238228883
1916,1852,-770787,246.4945680375353
1917,1853,-771045,243.85475201990903
1918,1854,-771299,246.03058180018397
1919,1855,-771734,237.7794476149145
1920,1856,-772094,239.2312024030053
1921,1857,-773008,238.3850775692524
1922,1858,-773588,241.7410824819303
1923,1859,-774382,245.3180552676516
1924,1860,-774832,248.92347258064217
1925,1861,-775731,247.3032103301009
1926,1862,-776282,252.455538875688
1927,1863,-777107,254.92704442683268
1928,1864,-777417,254.6895620893129
1929,1865,-778238,254.4321062869957
1930,1866,-778769,252.52125685420285
1931,1867,-779612,257.21033919112165
1932,1868,-779936,251.50919000069743
1933,1869,-780778,257.43630369580933
1934,1870,-781248,255.01817636257545
1935,1871,-782311,260.9181501208988
1936,1872,-783084,255.84554031289508
1937,1873,-783569,259.66462384723866
1938,1874,-784239,262.229808343788
1939,1875,-784613,264.34502908314164
1940,1876,-785405,269.3559592885488
1941,1877,-785853,265.99732874144445
1942,1878,-786529,257.19893666253785
1943,1879,-786741,257.0184549055622
1944,1880,-787544,238.64095357456617
1945,1881,-788003,235.48574308581584
1946,1882,-788689,227.37775029010012
1947,1883,-789106,230.55013467896876
1948,1884,-790080,224.68576227610308
1949,1885,-790667,214.4503513988741
1950,1886,-791569,213.35775959891657
1951,1887,-791902,218.39264166858877
1952,1888,-793172,208.7893628439667
1953,1889,-793737,204.617506415808
1954,1890,-794902,198.7924036449917
1955,1891,-795428,197.90878630711256
1956,1892,-796731,200.4894558655116
1957,1893,-799286,198.68361088983107
1958,1894,-800922,198.6572141815183
1959,1895,-801759,202.64710592439064
1960,1896,-801975,202.92172318213744
1961,1897,-802059,207.49864546768265
1962,1898,-802572,204.8619380343144
1963,1899,-803182,202.2268391289192
1964,1900,-803718,207.28544010704545
