year,Temperature
-799712,-8.82
-798639,-8.92
-797551,-8.88
-796493,-8.54
-795458,-8.73
-794499,-8.53
-793606,-8.23
-792758,-7.33
-791926,-6.51
-791129,-5.91
-790381,-5.61
-789668,-5.05
-788987,-4.27
-788332,-3.7
-787685,-3.09
-787069,-2.59
-786492,-2.37
-785935,-1.75
-785348,-0.54
-784756,-0.63
-784155,-1.04
-783520,-1.05
-782880,-1.15
-782223,-1.71
-781578,-1.7
-780906,-2.04
-780230,-1.84
-779569,-2.28
-778913,-2.37
-778259,-2.17
-777599,-2.13
-776923,-2.17
-776251,-2.34
-775586,-2.67
-774911,-2.7
-774209,-2.69
-773492,-2.96
-772753,-3.47
-772007,-3.82
-771289,-4.13
-770603,-4.52
-769957,-4.32
-769299,-3.93
-768609,-3.8
-767881,-3.84
-767122,-4.54
-766349,-5.33
-765608,-6.0
-764930,-6.4
-764288,-6.22
-763678,-5.56
-763066,-5.1
-762449,-4.76
-761811,-4.72
-761133,-5.16
-760437,-5.78
-759742,-6.72
-759072,-7.33
-758467,-7.27
-757888,-7.12
-757332,-6.43
-756807,-6.07
-756315,-5.77
-755808,-5.3
-755270,-5.09
-754693,-5.5
-754110,-6.25
-753525,-7.22
-752936,-7.54
-752350,-7.79
-751766,-7.97
-751189,-8.24
-750611,-8.37
-750040,-8.42
-749478,-8.59
-748928,-8.58
-748372,-8.5
-747816,-8.32
-747253,-8.44
-746692,-8.6
-746141,-8.69
-745570,-8.63
-744997,-8.62
-744425,-8.56
-743832,-8.56
-743221,-8.41
-742595,-8.67
-741984,-8.84
-741375,-8.95
-740757,-8.6
-740136,-8.47
-739515,-8.25
-738917,-8.24
-738344,-8.08
-737828,-7.16
-737327,-6.27
-736849,-5.62
-736344,-5.38
-735859,-4.76
-735404,-4.52
-734887,-4.47
-734405,-4.03
-733905,-3.72
-733386,-3.99
-732893,-4.15
-732377,-3.95
-731853,-3.93
-731291,-3.79
-730652,-4.2
-729996,-4.85
-729381,-5.28
-728759,-5.23
-728100,-5.31
-727419,-5.69
-726712,-5.83
-725998,-6.05
-725263,-5.96
-724585,-6.1
-723852,-5.07
-723032,-5.18
-722283,-5.75
-721528,-7.14
-720584,-8.32
-719693,-8.77
-718814,-7.9
-718051,-7.13
-717197,-6.92
-716428,-6.47
-715675,-6.23
-714910,-5.59
-714212,-5.26
-713529,-5.2
-712858,-4.23
-712142,-4.02
-711460,-3.9
-710793,-4.29
-710137,-4.19
-709486,-4.05
-708856,-4.0
-708228,-4.06
-707641,-3.88
-707061,-4.02
-706486,-3.5
-705920,-3.56
-705362,-3.67
-704830,-3.7
-704320,-3.75
-703820,-3.46
-703337,-3.21
-702875,-3.21
-702434,-3.05
-702006,-2.78
-701579,-2.45
-701164,-2.36
-700769,-2.49
-700389,-2.4
-700002,-2.02
-699614,-1.77
-699227,-2.16
-698834,-2.31
-698454,-2.45
-698077,-2.75
-697715,-2.49
-697367,-2.55
-697024,-2.26
-696684,-1.92
-696349,-1.84
-696020,-1.88
-695687,-1.94
-695360,-1.69
-695042,-1.86
-694723,-2.07
-694401,-1.85
-694080,-1.77
-693763,-1.92
-693442,-1.83
-693122,-1.94
-692811,-2.0
-692489,-2.08
-692179,-1.82
-691880,-1.86
-691564,-1.55
-691238,-1.6
-690921,-2.04
-690589,-2.39
-690260,-2.5
-689938,-2.7
-689612,-2.75
-689269,-2.51
-688930,-2.59
-688590,-3.05
-688243,-3.05
-687886,-3.14
-687536,-3.35
-687186,-3.7
-686836,-3.5
-686485,-3.36
-686120,-3.44
-685758,-3.5
-685392,-3.73
-685015,-3.97
-684639,-4.07
-684261,-4.41
-683873,-4.61
-683481,-4.62
-683075,-4.68
-682660,-4.83
-682248,-5.23
-681842,-5.46
-681421,-5.34
-680962,-5.2
-680483,-5.58
-679985,-6.02
-679499,-6.95
-679037,-7.34
-678592,-7.02
-678172,-6.46
-677771,-5.95
-677319,-5.15
-676830,-4.67
-676317,-5.65
-675838,-6.9
-675380,-7.34
-674921,-6.71
-674414,-5.89
-673899,-5.94
-673343,-6.54
-672772,-7.05
-672182,-7.51
-671570,-7.68
-670958,-7.99
-670340,-8.25
-669756,-8.16
-669152,-7.62
-668559,-7.28
-667902,-7.24
-667179,-8.31
-666398,-8.89
-665596,-8.95
-664772,-9.03
-663937,-9.05
-663125,-8.94
-662339,-8.42
-661563,-7.82
-660703,-8.0
-659793,-8.3
-658915,-8.64
-658020,-8.02
-657143,-8.36
-656305,-7.52
-655470,-7.38
-654600,-6.71
-653661,-6.87
-652657,-7.58
-651638,-7.92
-650639,-7.72
-649603,-7.29
-648606,-7.47
-647572,-7.07
-646481,-7.46
-645378,-7.82
-644272,-7.71
-643169,-7.68
-641957,-7.73
-640639,-8.21
-639312,-8.86
-637998,-8.84
-636714,-8.68
-635360,-8.39
-634006,-8.92
-632726,-8.9
-631362,-8.24
-630014,-8.8
-628695,-8.72
-627536,-8.37
-626540,-7.17
-625647,-5.54
-624850,-4.42
-624123,-3.19
-623366,-2.2
-622612,-2.69
-621846,-2.63
-621104,-2.84
-620392,-2.52
-619694,-2.59
-619000,-1.95
-618328,-1.96
-617626,-2.38
-616954,-2.29
-616255,-1.79
-615583,-2.28
-614945,-1.94
-614323,-1.46
-613722,-1.28
-613110,-0.97
-612516,-1.3
-611928,-1.04
-611360,-1.35
-610767,-1.04
-610180,-1.46
-609591,-1.43
-609035,-1.47
-608475,-1.26
-607904,-1.09
-607319,-1.37
-606724,-1.74
-606129,-2.01
-605524,-2.35
-604869,-2.94
-604211,-3.21
-603557,-3.47
-602884,-3.51
-602200,-3.92
-601524,-4.22
-600838,-4.19
-600174,-4.33
-599537,-4.23
-598841,-5.18
-598146,-4.99
-597450,-5.35
-596717,-5.54
-595942,-6.42
-595240,-6.7
-594596,-6.31
-594009,-5.44
-593451,-4.42
-592871,-3.89
-592306,-4.32
-591716,-4.63
-591133,-5.09
-590524,-5.3
-589912,-5.68
-589351,-5.92
-588866,-4.99
-588387,-3.47
-587880,-3.48
-587364,-4.05
-586828,-4.62
-586255,-5.18
-585670,-6.11
-585084,-6.73
-584571,-6.52
-584040,-5.49
-583535,-6.1
-583034,-5.75
-582496,-5.9
-581978,-6.89
-581499,-7.03
-581049,-6.31
-580642,-5.72
-580263,-4.81
-579896,-4.23
-579557,-4.1
-579243,-3.45
-578928,-2.81
-578648,-3.04
-578385,-2.31
-578134,-1.46
-577886,-1.07
-577642,-1.16
-577402,-1.06
-577164,-1.1
-576933,-1.08
-576695,-0.92
-576452,-1.36
-576216,-1.71
-575982,-1.83
-575734,-1.95
-575497,-2.27
-575264,-1.87
-575031,-1.83
-574799,-1.95
-574573,-2.11
-574347,-1.73
-574126,-1.73
-573911,-1.62
-573704,-1.42
-573502,-1.14
-573294,-0.99
-573090,-1.37
-572887,-1.22
-572681,-1.23
-572478,-1.41
-572267,-1.31
-572066,-1.76
-571864,-1.29
-571658,-1.35
-571442,-1.63
-571243,-2.15
-571041,-1.32
-570840,-1.53
-570633,-1.43
-570428,-1.86
-570228,-1.79
-570027,-1.51
-569830,-1.69
-569635,-1.44
-569440,-1.38
-569244,-1.45
-569051,-1.49
-568857,-1.42
-568662,-1.48
-568469,-1.61
-568278,-1.5
-568084,-1.48
-567895,-1.64
-567706,-1.42
-567524,-1.47
-567335,-1.09
-567143,-1.49
-566955,-1.77
-566766,-1.51
-566582,-1.59
-566396,-1.38
-566211,-1.54
-566019,-1.44
-565831,-1.93
-565652,-1.68
-565470,-1.22
-565281,-1.42
-565097,-1.87
-564907,-1.44
-564721,-2.02
-564534,-1.8
-564348,-1.89
-564164,-1.84
-563983,-1.82
-563795,-1.63
-563604,-2.08
-563415,-2.27
-563229,-2.21
-563044,-2.07
-562865,-2.05
-562677,-2.58
-562482,-2.21
-562288,-2.49
-562089,-2.59
-561891,-2.87
-561686,-2.81
-561483,-3.22
-561275,-3.06
-561065,-3.33
-560849,-3.4
-560632,-3.66
-560407,-3.7
-560180,-4.0
-559939,-4.07
-559699,-4.64
-559454,-4.49
-559199,-4.65
-558940,-5.0
-558675,-5.21
-558402,-5.43
-558127,-5.48
-557828,-5.75
-557511,-6.48
-557183,-6.77
-556873,-6.86
-556564,-6.15
-556264,-5.66
-555961,-5.49
-555666,-5.38
-555358,-4.95
-555063,-5.07
-554769,-4.41
-554461,-4.21
-554176,-4.67
-553894,-3.25
-553613,-3.09
-553315,-3.35
-552998,-4.04
-552654,-4.52
-552300,-4.68
-551924,-5.07
-551531,-5.42
-551097,-6.23
-550657,-6.29
-550179,-6.94
-549723,-6.48
-549258,-6.28
-548811,-5.58
-548372,-5.35
-547905,-6.14
-547398,-6.81
-546868,-7.2
-546330,-7.17
-545796,-6.82
-545252,-7.17
-544654,-7.91
-544035,-8.14
-543417,-8.12
-542808,-8.13
-542199,-7.64
-541604,-7.35
-541014,-7.24
-540431,-7.1
-539838,-7.28
-539238,-7.43
-538639,-7.55
-538041,-7.46
-537441,-7.56
-536834,-7.77
-536244,-7.53
-535702,-6.47
-535163,-6.76
-534625,-6.82
-534094,-6.76
-533558,-6.99
-533044,-6.64
-532509,-7.2
-531976,-7.24
-531425,-7.71
-530891,-7.48
-530352,-7.71
-529845,-7.12
-529334,-7.33
-528854,-6.75
-528407,-6.07
-527989,-5.43
-527584,-5.18
-527207,-4.5
-526833,-4.44
-526472,-4.14
-526106,-4.31
-525733,-4.58
-525349,-4.9
-524985,-4.42
-524609,-4.82
-524234,-4.86
-523858,-4.93
-523502,-4.64
-523149,-4.35
-522778,-4.84
-522425,-4.29
-522072,-4.51
-521725,-4.3
-521371,-4.61
-521019,-4.55
-520660,-4.84
-520340,-3.58
-520028,-3.4
-519714,-3.47
-519403,-3.4
-519077,-3.94
-518776,-3.12
-518466,-3.45
-518161,-3.75
-517854,-3.41
-517545,-3.48
-517243,-3.23
-516935,-3.45
-516628,-3.47
-516317,-3.59
-516010,-3.46
-515687,-4.01
-515379,-3.51
-515048,-4.28
-514716,-4.31
-514379,-4.48
-514056,-4.01
-513731,-4.08
-513393,-4.46
-513039,-4.98
-512683,-5.0
-512332,-4.84
-511983,-4.77
-511613,-5.38
-511235,-5.62
-510859,-5.49
-510482,-5.53
-510099,-5.63
-509708,-5.86
-509317,-5.83
-508926,-5.76
-508537,-5.67
-508150,-5.55
-507754,-5.78
-507358,-5.73
-506952,-5.94
-506543,-6.0
-506170,-4.9
-505808,-4.55
-505446,-4.52
-505077,-4.63
-504704,-4.7
-504321,-4.91
-503925,-5.21
-503524,-5.32
-503130,-5.04
-502758,-4.4
-502396,-4.0
-502018,-4.46
-501646,-4.21
-501267,-4.37
-500882,-4.45
-500496,-4.43
-500117,-4.16
-499713,-4.81
-499319,-4.45
-498925,-4.41
-498532,-4.31
-498140,-4.25
-497744,-4.3
-497366,-3.72
-496984,-3.77
-496595,-3.93
-496207,-3.83
-495812,-3.97
-495426,-3.66
-495028,-3.97
-494634,-3.78
-494240,-3.74
-493850,-3.58
-493451,-3.79
-493051,-3.78
-492650,-3.78
-492258,-3.75
-491852,-3.93
-491466,-3.23
-491072,-3.5
-490678,-3.42
-490284,-3.42
-489895,-3.25
-489506,-3.25
-489126,-3.03
-488751,-2.81
-488388,-2.44
-488028,-2.31
-487670,-2.25
-487306,-2.39
-486939,-2.51
-486605,-1.36
-486235,-2.57
-485867,-2.4
-485494,-2.56
-485112,-2.75
-484729,-2.76
-484329,-3.22
-483920,-3.42
-483512,-3.39
-483101,-3.44
-482685,-3.54
-482275,-3.36
-481848,-3.76
-481421,-3.74
-480978,-4.15
-480539,-3.97
-480085,-4.34
-479621,-4.53
-479131,-4.94
-478655,-4.76
-478169,-4.95
-477673,-5.15
-477149,-5.73
-476612,-5.98
-476112,-5.19
-475636,-4.64
-475188,-3.95
-474729,-4.19
-474250,-4.61
-473746,-5.09
-473210,-5.75
-472626,-6.89
-472020,-7.01
-471459,-6.17
-470930,-5.5
-470442,-4.62
-469984,-4.0
-469485,-4.83
-468966,-5.18
-468387,-6.3
-467756,-7.26
-467165,-6.47
-466511,-7.58
-465790,-8.64
-465108,-8.03
-464417,-8.17
-463707,-8.5
-463001,-8.44
-462307,-8.08
-461670,-7.65
-461020,-7.63
-460400,-7.15
-459763,-7.45
-459081,-8.24
-458394,-8.34
-457702,-8.47
-456992,-8.8
-456266,-8.83
-455569,-8.7
-454863,-8.92
-454206,-8.21
-453600,-7.39
-453019,-7.01
-452450,-6.81
-451866,-6.34
-451279,-7.24
-450663,-7.89
-450092,-7.07
-449542,-6.7
-448931,-7.92
-448338,-7.65
-447769,-7.26
-447201,-7.28
-446623,-7.58
-446097,-6.56
-445586,-6.32
-445084,-6.15
-444521,-7.48
-443950,-7.65
-443392,-7.45
-442835,-7.45
-442266,-7.77
-441732,-7.15
-441170,-7.91
-440585,-8.42
-440004,-8.33
-439438,-8.73
-438848,-9.07
-438256,-9.04
-437675,-9.15
-437089,-9.19
-436473,-8.8
-435877,-9.6
-435317,-9.25
-434776,-9.63
-434191,-8.91
-433642,-8.03
-433073,-8.49
-432522,-8.17
-432019,-8.58
-431475,-8.12
-430920,-8.39
-430376,-8.19
-429817,-8.19
-429276,-8.19
-428743,-8.1
-428237,-7.58
-427768,-6.79
-427309,-6.61
-426918,-6.05
-426494,-5.83
-426115,-4.63
-425734,-4.7
-425393,-3.95
-425070,-2.93
-424765,-2.29
-424440,-2.67
-424140,-2.13
-423863,-1.85
-423587,-1.9
-423327,-0.99
-423077,-0.29
-422834,0.09
-422586,-0.24
-422313,-1.29
-422013,-2.34
-421719,-2.1
-421409,-2.59
-421106,-2.21
-420818,-1.51
-420525,-1.55
-420221,-1.87
-419921,-1.72
-419632,-1.43
-419340,-1.37
-419063,-0.75
-418791,-0.59
-418524,-0.29
-418253,-0.48
-417979,-0.62
-417716,-0.09
-417448,-0.35
-417183,-0.24
-416939,-0.32
-416674,-0.28
-416414,0.01
-416156,0.08
-415910,0.61
-415658,0.32
-415408,0.38
-415168,0.83
-414924,0.67
-414674,0.33
-414430,0.63
-414175,0.1
-413925,0.31
-413676,0.31
-413434,0.61
-413182,0.12
-412932,0.17
-412689,0.43
-412442,0.26
-412189,-0.08
-411952,0.57
-411719,0.68
-411482,0.23
-411248,0.48
-411027,0.66
-410789,0.08
-410557,0.43
-410327,0.49
-410096,0.44
-409867,0.72
-409655,0.95
-409452,1.64
-409244,1.37
-409036,1.47
-408828,1.72
-408627,1.47
-408424,1.72
-408224,1.58
-408030,1.57
-407831,1.73
-407638,1.8
-407452,2.13
-407267,1.73
-407078,2.21
-406899,2.09
-406719,1.83
-406533,1.77
-406342,1.99
-406155,2.17
-405972,2.67
-405796,2.45
-405617,2.06
-405434,2.9
-405265,2.19
-405081,2.9
-404910,3.15
-404740,2.27
-404558,2.44
-404380,1.79
-404192,2.22
-404012,2.71
-403840,2.65
-403667,2.49
-403491,2.41
-403314,1.56
-403130,2.22
-402950,1.78
-402764,1.88
-402579,2.1
-402398,2.41
-402221,1.64
-402034,1.9
-401853,2.2
-401674,2.01
-401494,2.27
-401317,2.12
-401138,2.62
-400967,2.2
-400791,2.14
-400613,1.79
-400430,1.49
-400242,2.18
-400065,1.58
-399880,1.57
-399694,1.63
-399510,1.62
-399326,1.78
-399144,0.98
-398951,0.83
-398754,1.15
-398564,1.6
-398382,1.16
-398193,0.7
-397996,0.51
-397796,0.39
-397593,0.31
-397390,-0.07
-397181,0.64
-396985,0.36
-396785,0.47
-396587,-0.57
-396369,-0.94
-396145,-0.22
-395935,-0.2
-395726,0.29
-395526,-0.28
-395317,-0.25
-395108,-0.45
-394895,-0.4
-394684,-0.93
-394463,-0.95
-394242,-1.23
-394015,-1.31
-393787,-1.71
-393551,-0.98
-393330,-1.12
-393107,-2.1
-392864,-2.3
-392618,-2.0
-392377,-2.43
-392129,-2.37
-391881,-2.61
-391630,-2.78
-391374,-3.32
-391107,-3.33
-390840,-3.67
-390564,-4.03
-390281,-4.26
-389992,-4.65
-389694,-4.7
-389395,-4.96
-389090,-4.73
-388792,-4.68
-388497,-5.35
-388185,-5.98
-387854,-5.8
-387530,-6.48
-387187,-6.7
-386838,-5.86
-386517,-5.99
-386193,-5.37
-385889,-5.35
-385587,-4.74
-385302,-4.56
-385026,-3.88
-384766,-2.67
-384519,-3.29
-384257,-4.32
-383992,-4.31
-383723,-4.93
-383439,-4.88
-383157,-4.36
-382888,-5.18
-382599,-5.37
-382305,-5.63
-382005,-6.06
-381694,-5.87
-381391,-5.97
-381085,-5.09
-380803,-5.24
-380518,-5.15
-380227,-4.52
-379961,-3.76
-379694,-4.6
-379429,-4.42
-379168,-4.92
-378896,-5.02
-378621,-5.28
-378340,-4.97
-378068,-4.91
-377798,-5.44
-377515,-5.76
-377224,-5.81
-376932,-5.93
-376638,-6.35
-376332,-6.85
-376014,-6.2
-375720,-6.5
-375414,-6.46
-375112,-6.67
-374803,-6.46
-374500,-7.01
-374182,-7.22
-373859,-7.26
-373536,-7.45
-373208,-7.66
-372875,-7.78
-372539,-7.94
-372200,-6.86
-371894,-6.49
-371600,-6.16
-371316,-5.9
-371039,-5.42
-370775,-4.96
-370521,-5.7
-370252,-6.11
-369971,-6.44
-369682,-6.39
-369395,-6.46
-369106,-6.49
-368818,-6.17
-368537,-7.06
-368233,-7.04
-367931,-6.77
-367636,-7.36
-367325,-7.4
-367013,-7.82
-366690,-8.29
-366353,-7.64
-366042,-7.38
-365738,-6.73
-365438,-7.18
-365134,-7.5
-364823,-7.8
-364505,-7.46
-364196,-7.55
-363886,-7.58
-363575,-7.23
-363273,-7.36
-362969,-8.19
-362642,-8.14
-362313,-7.46
-362008,-7.2
-361710,-7.55
-361404,-7.11
-361110,-6.07
-360815,-7.07
-360523,-8.26
-360200,-7.61
-359885,-7.4
-359584,-7.89
-359272,-8.39
-358942,-7.69
-358634,-8.74
-358298,-7.84
-357980,-8.6
-357648,-7.84
-357331,-8.7
-356997,-8.52
-356663,-8.41
-356332,-8.8
-355985,-8.99
-355647,-8.94
-355308,-8.7
-354977,-8.78
-354644,-8.57
-354318,-8.52
-353993,-8.87
-353659,-8.87
-353324,-9.0
-352984,-8.79
-352650,-8.58
-352321,-8.15
-352007,-7.55
-351719,-7.94
-351428,-7.4
-351140,-7.59
-350844,-7.63
-350543,-7.97
-350245,-7.86
-349945,-7.72
-349649,-7.87
-349349,-7.89
-349049,-7.83
-348752,-7.61
-348459,-8.1
-348156,-7.36
-347871,-7.28
-347589,-7.2
-347309,-7.73
-347018,-6.52
-346757,-8.0
-346457,-8.61
-346140,-8.74
-345818,-8.14
-345515,-7.44
-345230,-8.49
-344918,-8.46
-344606,-8.01
-344306,-8.88
-343983,-8.43
-343673,-8.29
-343367,-8.69
-343050,-8.53
-342738,-8.84
-342417,-8.85
-342091,-8.62
-341777,-9.03
-341453,-8.33
-341148,-9.14
-340810,-8.98
-340498,-9.66
-340152,-9.22
-339824,-8.99
-339504,-9.56
-339170,-9.18
-338848,-8.39
-338550,-7.71
-338269,-7.1
-337999,-6.96
-337740,-6.55
-337484,-6.21
-337240,-5.95
-337002,-5.5
-336773,-5.68
-336542,-5.07
-336323,-4.6
-336114,-4.12
-335913,-3.98
-335716,-3.5
-335527,-3.16
-335345,-3.17
-335166,-2.78
-334987,-2.94
-334811,-2.65
-334641,-2.17
-334475,-2.14
-334309,-1.92
-334148,-1.48
-333997,-0.95
-333848,-0.66
-333704,-0.62
-333563,-0.07
-333426,0.8
-333299,0.53
-333170,1.15
-333050,1.36
-332929,1.61
-332812,1.6
-332691,2.04
-332578,2.81
-332472,2.87
-332366,2.69
-332257,3.09
-332152,2.9
-332049,3.62
-331951,3.7
-331853,3.01
-331746,2.9
-331639,3.35
-331534,3.23
-331428,3.34
-331327,3.75
-331228,3.48
-331128,3.19
-331025,3.19
-330921,2.54
-330812,2.53
-330703,3.27
-330599,2.77
-330491,2.32
-330380,2.01
-330266,1.83
-330146,1.79
-330029,0.88
-329899,1.02
-329774,1.03
-329648,0.26
-329510,0.05
-329371,-0.12
-329229,-0.1
-329086,-0.34
-328940,0.35
-328802,0.32
-328665,0.71
-328532,0.15
-328392,0.97
-328263,0.96
-328133,0.92
-328001,0.77
-327870,0.47
-327734,0.49
-327601,0.78
-327465,0.1
-327324,0.79
-327191,0.2
-327050,0.41
-326913,1.0
-326782,1.11
-326653,1.36
-326527,1.36
-326400,0.66
-326266,0.8
-326133,0.7
-325998,0.79
-325868,0.57
-325735,1.19
-325610,1.04
-325482,0.41
-325347,0.46
-325210,0.39
-325075,0.7
-324937,0.16
-324799,0.43
-324666,0.61
-324529,0.57
-324390,0.31
-324253,0.57
-324116,0.56
-323987,1.31
-323852,0.72
-323717,0.85
-323578,0.44
-323434,-0.55
-323292,0.19
-323146,-0.08
-322997,-0.24
-322850,-0.16
-322697,-0.56
-322549,-0.23
-322405,0.08
-322262,0.13
-322112,-0.34
-321957,-0.84
-321805,-0.43
-321641,-1.4
-321486,-0.76
-321329,-0.93
-321169,-1.13
-321007,-1.21
-320836,-1.88
-320671,-1.52
-320507,-1.35
-320336,-1.92
-320164,-1.93
-319988,-2.24
-319809,-2.44
-319631,-2.37
-319445,-2.9
-319271,-2.08
-319083,-3.08
-318896,-2.98
-318706,-3.14
-318512,-3.39
-318304,-4.24
-318102,-3.81
-317898,-4.03
-317687,-4.41
-317475,-4.45
-317266,-4.37
-317056,-4.41
-316843,-4.57
-316618,-5.3
-316409,-4.41
-316205,-4.22
-316013,-3.6
-315827,-3.29
-315635,-3.65
-315447,-3.44
-315258,-3.57
-315075,-3.2
-314894,-3.12
-314716,-2.95
-314537,-2.99
-314366,-2.69
-314216,-1.27
-314060,-1.61
-313898,-2.05
-313728,-2.6
-313561,-2.28
-313372,-3.84
-313185,-3.62
-313018,-2.5
-312845,-2.84
-312666,-3.23
-312480,-3.67
-312301,-3.22
-312119,-3.46
-311932,-3.8
-311760,-2.85
-311573,-3.9
-311392,-3.43
-311196,-4.4
-311006,-4.03
-310815,-4.05
-310608,-5.11
-310406,-4.76
-310210,-4.43
-310004,-5.11
-309805,-4.92
-309592,-5.33
-309387,-5.51
-309183,-5.41
-308981,-5.19
-308775,-5.21
-308555,-5.97
-308346,-5.4
-308132,-5.77
-307923,-5.44
-307698,-6.36
-307483,-5.84
-307272,-5.7
-307066,-5.33
-306855,-5.76
-306637,-6.12
-306431,-5.53
-306216,-6.02
-305995,-6.38
-305769,-6.56
-305540,-6.79
-305319,-6.99
-305081,-7.59
-304857,-6.66
-304653,-5.8
-304460,-5.06
-304260,-5.47
-304064,-5.28
-303866,-5.42
-303683,-4.57
-303506,-4.25
-303333,-3.95
-303149,-4.67
-302956,-5.27
-302766,-4.85
-302573,-5.2
-302378,-5.39
-302198,-5.1
-302003,-5.42
-301812,-4.73
-301611,-5.82
-301419,-5.25
-301219,-5.68
-301012,-6.12
-300801,-6.39
-300592,-6.23
-300389,-5.94
-300165,-7.01
-299941,-7.07
-299717,-7.06
-299501,-7.69
-299277,-7.14
-299064,-6.57
-298857,-6.31
-298658,-5.93
-298473,-4.91
-298282,-5.57
-298084,-5.87
-297885,-5.99
-297675,-6.57
-297465,-6.63
-297259,-6.37
-297050,-6.54
-296840,-6.68
-296626,-7.24
-296406,-7.15
-296177,-7.6
-295946,-7.81
-295744,-7.35
-295530,-8.03
-295308,-7.38
-295090,-7.05
-294881,-6.95
-294680,-6.37
-294486,-5.87
-294299,-5.66
-294122,-4.93
-293926,-6.17
-293719,-6.68
-293504,-7.2
-293292,-7.22
-293068,-7.62
-292841,-8.07
-292617,-7.63
-292396,-7.53
-292196,-6.4
-291983,-7.14
-291761,-7.58
-291535,-7.76
-291331,-7.27
-291123,-6.98
-290929,-6.14
-290730,-6.41
-290535,-6.29
-290332,-6.7
-290140,-6.17
-289956,-5.72
-289776,-5.41
-289591,-6.43
-289407,-5.73
-289230,-5.31
-289067,-5.12
-288906,-4.97
-288748,-4.4
-288584,-4.57
-288424,-4.33
-288270,-3.84
-288117,-3.83
-287967,-4.07
-287811,-4.31
-287649,-4.99
-287481,-4.97
-287314,-5.01
-287151,-5.21
-286978,-5.06
-286816,-4.77
-286645,-5.15
-286476,-4.79
-286316,-5.0
-286160,-4.69
-285998,-4.57
-285831,-5.02
-285663,-4.9
-285493,-4.99
-285318,-5.35
-285144,-5.56
-284977,-4.9
-284799,-5.61
-284630,-5.27
-284463,-5.0
-284291,-5.24
-284119,-5.17
-283939,-5.77
-283763,-5.35
-283584,-5.55
-283410,-5.28
-283217,-6.61
-283038,-5.71
-282858,-5.71
-282677,-5.83
-282499,-5.66
-282321,-5.69
-282138,-5.97
-281951,-6.21
-281773,-5.67
-281592,-5.85
-281410,-5.98
-281227,-5.95
-281040,-6.31
-280853,-6.18
-280662,-6.55
-280473,-6.39
-280278,-6.74
-280083,-6.73
-279890,-6.89
-279683,-7.38
-279469,-7.82
-279272,-7.19
-279082,-6.75
-278881,-7.12
-278689,-6.62
-278516,-5.57
-278327,-6.53
-278133,-6.81
-277928,-7.33
-277710,-8.04
-277490,-8.12
-277261,-8.57
-277043,-8.05
-276827,-7.89
-276584,-9.3
-276360,-8.41
-276139,-8.26
-275928,-7.75
-275717,-7.76
-275498,-8.22
-275255,-9.38
-275020,-8.95
-274798,-8.38
-274564,-8.99
-274338,-8.58
-274122,-8.16
-273911,-7.89
-273693,-8.28
-273460,-9.02
-273228,-8.95
-273004,-8.58
-272774,-8.97
-272550,-8.56
-272318,-9.05
-272084,-9.11
-271852,-9.05
-271618,-9.17
-271388,-8.98
-271151,-9.31
-270915,-9.32
-270684,-9.06
-270447,-9.38
-270213,-9.23
-269978,-9.34
-269742,-9.36
-269512,-9.09
-269282,-9.16
-269043,-9.55
-268817,-8.98
-268603,-8.41
-268386,-8.54
-268156,-9.25
-267940,-8.51
-267712,-9.13
-267489,-8.95
-267271,-8.65
-267050,-8.88
-266835,-8.55
-266621,-8.54
-266409,-8.45
-266196,-8.49
-265988,-8.28
-265767,-8.92
-265550,-8.77
-265335,-8.68
-265126,-8.21
-264930,-7.34
-264724,-7.9
-264508,-8.15
-264289,-8.29
-264085,-7.81
-263883,-7.76
-263693,-7.54
-263506,-7.24
-263316,-7.52
-263126,-7.45
-262938,-7.39
-262761,-6.72
-262581,-6.98
-262395,-7.31
-262217,-6.83
-262044,-6.54
-261866,-6.9
-261699,-6.17
-261532,-6.16
-261364,-6.2
-261184,-7.04
-260988,-7.91
-260808,-7.0
-260614,-7.86
-260426,-7.53
-260239,-7.41
-260045,-7.87
-259842,-8.35
-259646,-7.95
-259460,-7.46
-259281,-7.01
-259098,-7.29
-258923,-6.68
-258728,-8.06
-258533,-7.96
-258330,-8.42
-258135,-7.99
-257947,-7.35
-257765,-7.27
-257581,-7.36
-257381,-8.38
-257195,-7.51
-257014,-7.2
-256831,-7.43
-256660,-6.7
-256497,-6.02
-256328,-6.59
-256154,-6.82
-255976,-7.17
-255800,-6.98
-255618,-7.29
-255424,-8.13
-255248,-6.93
-255069,-7.16
-254883,-7.68
-254707,-6.99
-254530,-7.12
-254347,-7.69
-254160,-7.71
-253967,-7.99
-253769,-8.92
-253581,-7.72
-253391,-7.88
-253202,-7.85
-253018,-7.47
-252831,-7.77
-252635,-8.2
-252444,-7.99
-252266,-7.17
-252085,-7.48
-251901,-7.55
-251715,-7.68
-251517,-8.38
-251318,-8.48
-251128,-7.89
-250933,-8.33
-250748,-7.6
-250553,-8.33
-250360,-8.12
-250165,-8.28
-249965,-8.57
-249768,-8.29
-249583,-7.54
-249407,-7.23
-249231,-7.45
-249052,-7.46
-248871,-7.49
-248686,-7.8
-248505,-7.76
-248328,-7.29
-248141,-7.93
-247964,-7.32
-247786,-7.43
-247616,-6.91
-247446,-6.95
-247285,-6.32
-247125,-6.26
-246961,-6.65
-246805,-5.97
-246651,-5.85
-246492,-6.29
-246342,-5.6
-246192,-5.66
-246041,-5.67
-245882,-6.58
-245726,-5.99
-245571,-5.52
-245415,-6.01
-245248,-7.22
-245081,-6.8
-244911,-6.94
-244738,-7.56
-244578,-6.4
-244424,-5.92
-244275,-5.68
-244131,-5.22
-243998,-4.42
-243858,-5.07
-243727,-4.22
-243601,-3.77
-243469,-4.49
-243347,-3.43
-243226,-3.45
-243108,-3.21
-242994,-2.83
-242878,-3.05
-242768,-2.42
-242659,-2.41
-242554,-1.83
-242447,-2.13
-242339,-2.32
-242237,-1.66
-242138,-1.25
-242048,-0.36
-241959,-0.21
-241871,-0.12
-241785,0.21
-241703,0.87
-241624,1.19
-241544,0.99
-241464,1.01
-241382,0.36
-241300,0.63
-241218,0.74
-241139,1.14
-241064,1.57
-240989,1.81
-240917,2.2
-240839,1.08
-240765,1.89
-240691,1.91
-240618,1.84
-240545,2.06
-240475,2.42
-240404,2.31
-240335,2.71
-240263,2.21
-240191,1.96
-240121,2.73
-240049,1.98
-239977,2.2
-239907,2.56
-239837,2.46
-239760,1.72
-239677,0.51
-239597,1.17
-239510,0.09
-239428,1.03
-239343,0.38
-239257,0.38
-239170,0.29
-239080,-0.01
-238987,-0.56
-238893,-0.52
-238801,-0.26
-238705,-0.81
-238605,-1.22
-238506,-1.06
-238410,-0.72
-238312,-1.0
-238213,-0.99
-238110,-1.59
-238011,-1.12
-237915,-0.57
-237818,-1.87
-237713,-2.26
-237603,-2.62
-237489,-2.39
-237378,-1.41
-237275,-2.38
-237160,-2.41
-237050,-1.65
-236946,-1.78
-236839,-1.58
-236735,-2.5
-236624,-1.86
-236512,-2.33
-236402,-2.09
-236284,-2.91
-236171,-2.45
-236063,-2.01
-235954,-1.99
-235839,-2.59
-235722,-2.74
-235605,-2.89
-235494,-2.13
-235382,-2.43
-235267,-2.39
-235147,-3.07
-235031,-2.8
-234917,-2.41
-234801,-2.83
-234691,-2.11
-234574,-2.85
-234459,-2.61
-234339,-3.13
-234227,-2.08
-234111,-2.73
-233989,-3.31
-233863,-3.6
-233734,-3.95
-233613,-3.25
-233489,-3.51
-233366,-3.43
-233242,-3.42
-233115,-3.88
-232991,-3.4
-232854,-4.61
-232718,-4.53
-232577,-4.89
-232438,-4.85
-232297,-4.92
-232158,-4.79
-232021,-4.66
-231881,-4.94
-231740,-5.1
-231601,-4.76
-231450,-5.81
-231300,-5.65
-231146,-6.03
-230995,-5.78
-230840,-6.09
-230686,-6.07
-230532,-6.01
-230377,-6.16
-230231,-5.48
-230076,-5.97
-229923,-6.0
-229763,-6.54
-229602,-6.67
-229438,-6.87
-229269,-7.1
-229097,-7.46
-228922,-7.32
-228747,-7.59
-228571,-7.72
-228396,-7.69
-228238,-6.53
-228082,-6.51
-227922,-6.92
-227786,-4.89
-227634,-6.27
-227488,-5.87
-227322,-7.23
-227151,-7.51
-226972,-8.12
-226792,-8.15
-226610,-8.33
-226430,-8.18
-226249,-8.31
-226076,-7.83
-225912,-7.21
-225741,-7.77
-225576,-7.57
-225412,-7.36
-225261,-6.43
-225109,-6.48
-224967,-5.78
-224823,-6.24
-224677,-6.53
-224538,-5.75
-224392,-6.13
-224265,-4.55
-224135,-5.19
-223994,-6.02
-223849,-6.36
-223699,-6.64
-223549,-6.52
-223381,-7.96
-223215,-7.76
-223053,-7.46
-222887,-8.01
-222719,-7.98
-222551,-8.07
-222374,-8.56
-222204,-8.08
-222027,-8.65
-221854,-8.57
-221677,-8.69
-221509,-7.99
-221336,-8.7
-221168,-8.15
-220996,-8.72
-220826,-8.07
-220659,-8.16
-220491,-8.2
-220325,-8.08
-220163,-7.57
-220012,-7.01
-219859,-7.38
-219688,-8.16
-219519,-8.77
-219368,-7.03
-219215,-7.47
-219068,-6.96
-218924,-6.74
-218779,-6.92
-218639,-6.52
-218494,-6.89
-218356,-6.34
-218219,-6.34
-218089,-5.69
-217954,-6.08
-217821,-5.98
-217687,-6.11
-217565,-5.29
-217443,-5.08
-217319,-5.51
-217190,-5.88
-217072,-4.96
-216954,-4.8
-216831,-5.23
-216709,-5.16
-216583,-5.45
-216461,-5.25
-216341,-5.0
-216212,-5.88
-216088,-5.39
-215977,-4.23
-215862,-4.66
-215745,-4.77
-215629,-4.87
-215525,-3.5
-215417,-4.0
-215305,-4.45
-215197,-4.0
-215088,-4.11
-214980,-4.04
-214878,-3.72
-214774,-3.72
-214676,-2.95
-214580,-2.78
-214483,-2.89
-214387,-2.82
-214288,-3.19
-214191,-2.9
-214098,-2.5
-214006,-2.39
-213915,-2.22
-213825,-2.51
-213736,-2.01
-213648,-2.25
-213563,-1.46
-213477,-1.7
-213391,-1.64
-213308,-1.77
-213226,-1.17
-213143,-1.39
-213061,-1.0
-212974,-2.25
-212892,-1.39
-212805,-1.83
-212717,-1.92
-212629,-1.98
-212541,-1.81
-212451,-2.09
-212358,-2.59
-212269,-1.86
-212176,-2.5
-212086,-2.67
-211999,-1.76
-211914,-1.41
-211825,-1.98
-211728,-3.02
-211633,-2.7
-211541,-2.75
-211452,-1.93
-211363,-1.96
-211272,-2.38
-211186,-1.58
-211098,-1.89
-211007,-2.3
-210917,-2.0
-210829,-1.99
-210741,-1.81
-210652,-2.27
-210558,-2.59
-210465,-2.62
-210373,-2.14
-210279,-2.75
-210193,-1.5
-210104,-2.01
-210016,-1.74
-209927,-2.03
-209835,-2.34
-209750,-2.01
-209666,-2.48
-209577,-2.05
-209487,-2.06
-209403,-1.39
-209320,-1.07
-209229,-2.33
-209142,-1.76
-209059,-1.11
-208976,-1.12
-208888,-2.01
-208795,-2.43
-208707,-1.8
-208621,-2.21
-208537,-1.29
-208453,-1.27
-208368,-1.55
-208284,-1.39
-208207,-0.24
-208125,-1.84
-208040,-1.49
-207953,-1.77
-207867,-1.35
-207778,-2.24
-207692,-1.46
-207600,-2.39
-207514,-1.4
-207423,-2.19
-207330,-2.53
-207241,-1.8
-207150,-2.32
-207063,-1.67
-206976,-1.64
-206884,-2.38
-206792,-2.24
-206705,-1.69
-206615,-1.95
-206520,-2.74
-206426,-2.61
-206331,-2.62
-206240,-2.19
-206147,-2.41
-206053,-2.35
-205958,-2.87
-205865,-2.29
-205773,-2.39
-205684,-2.46
-205587,-2.98
-205491,-2.76
-205390,-3.27
-205291,-3.08
-205194,-2.94
-205097,-2.89
-204999,-2.98
-204895,-3.77
-204798,-2.75
-204699,-3.23
-204601,-3.06
-204508,-2.22
-204413,-2.6
-204315,-3.01
-204215,-3.24
-204114,-3.29
-204012,-3.53
-203911,-3.41
-203813,-3.02
-203715,-3.0
-203611,-3.89
-203515,-2.67
-203415,-3.4
-203314,-3.4
-203213,-3.35
-203111,-3.43
-203010,-3.31
-202904,-3.97
-202793,-4.54
-202687,-3.93
-202587,-3.34
-202477,-4.02
-202368,-4.34
-202260,-4.09
-202147,-4.78
-202029,-4.92
-201921,-4.21
-201810,-4.48
-201697,-4.82
-201584,-4.74
-201476,-4.11
-201359,-5.14
-201250,-4.22
-201139,-4.71
-201024,-4.93
-200914,-4.67
-200811,-3.58
-200706,-4.14
-200598,-4.33
-200497,-3.69
-200399,-3.24
-200298,-3.69
-200197,-3.7
-200094,-3.88
-200000,-2.92
-199904,-3.22
-199809,-2.94
-199716,-2.94
-199626,-2.5
-199542,-1.68
-199458,-1.78
-199373,-2.1
-199283,-2.51
-199187,-3.17
-199105,-1.42
-199018,-2.29
-198931,-2.26
-198844,-2.13
-198758,-2.21
-198674,-1.73
-198586,-2.41
-198497,-2.47
-198408,-2.43
-198318,-2.63
-198229,-2.55
-198146,-1.65
-198059,-2.29
-197975,-1.93
-197892,-1.73
-197811,-1.37
-197722,-2.68
-197633,-2.64
-197546,-2.28
-197460,-2.17
-197372,-2.46
-197287,-2.04
-197200,-2.38
-197114,-2.25
-197028,-2.19
-196940,-2.51
-196850,-2.86
-196765,-2.29
-196686,-1.81
-196604,-1.71
-196515,-2.74
-196426,-2.58
-196331,-3.61
-196243,-2.6
-196157,-2.16
-196068,-2.67
-195978,-2.86
-195887,-2.92
-195795,-3.1
-195706,-2.76
-195618,-3.0
-195523,-3.57
-195427,-3.57
-195332,-3.43
-195239,-3.2
-195141,-3.68
-195043,-3.87
-194943,-3.96
-194841,-4.2
-194736,-4.59
-194629,-4.81
-194532,-4.39
-194427,-4.9
-194324,-4.56
-194218,-4.96
-194117,-3.8
-194010,-4.93
-193902,-4.91
-193792,-5.15
-193691,-4.47
-193595,-5.35
-193483,-5.05
-193374,-5.06
-193263,-5.35
-193155,-4.88
-193043,-5.34
-192919,-6.57
-192803,-5.67
-192685,-5.98
-192565,-6.21
-192444,-6.2
-192318,-6.79
-192199,-5.95
-192069,-7.26
-191947,-6.22
-191819,-6.99
-191695,-6.81
-191570,-6.75
-191446,-6.6
-191313,-7.47
-191189,-6.58
-191078,-5.43
-190962,-6.02
-190844,-6.17
-190722,-6.64
-190605,-5.96
-190485,-6.51
-190382,-4.77
-190280,-4.67
-190176,-4.94
-190075,-4.75
-189966,-5.74
-189855,-5.48
-189732,-6.93
-189613,-6.28
-189489,-6.91
-189366,-6.74
-189238,-7.27
-189111,-7.18
-188986,-6.97
-188849,-8.06
-188721,-7.08
-188585,-8.01
-188450,-7.99
-188325,-7.02
-188205,-6.71
-188089,-6.31
-187961,-7.43
-187841,-6.66
-187723,-6.51
-187608,-6.27
-187489,-6.73
-187370,-6.73
-187257,-6.11
-187145,-6.11
-187039,-5.45
-186921,-6.62
-186806,-6.2
-186694,-6.12
-186578,-6.58
-186471,-5.57
-186364,-5.64
-186257,-5.69
-186151,-5.69
-186059,-4.03
-185966,-4.32
-185876,-3.89
-185782,-4.38
-185682,-5.02
-185582,-5.09
-185475,-5.83
-185369,-5.62
-185263,-5.54
-185149,-6.63
-185033,-6.63
-184916,-6.75
-184797,-7.03
-184683,-6.47
-184562,-7.33
-184448,-7.69
-184322,-7.65
-184195,-7.77
-184067,-7.84
-183938,-7.89
-183804,-8.34
-183671,-8.22
-183537,-8.41
-183402,-8.5
-183278,-7.51
-183151,-7.87
-183017,-8.35
-182881,-8.66
-182738,-9.15
-182604,-8.43
-182465,-8.82
-182325,-9.04
-182193,-8.35
-182059,-8.55
-181927,-8.31
-181789,-8.84
-181647,-9.2
-181511,-9.26
-181381,-8.32
-181245,-9.23
-181112,-8.77
-180979,-8.84
-180848,-8.74
-180712,-8.84
-180583,-8.41
-180457,-8.51
-180319,-8.02
-180182,-8.89
-180050,-9.24
-179918,-8.55
-179779,-9.06
-179652,-9.08
-179534,-8.32
-179400,-8.79
-179264,-9.0
-179135,-8.29
-179006,-8.49
-178879,-8.1
-178747,-9.02
-178615,-8.68
-178484,-8.6
-178359,-8.26
-178240,-7.47
-178112,-8.39
-177983,-8.95
-177868,-7.13
-177744,-8.2
-177612,-8.58
-177482,-8.83
-177357,-8.16
-177232,-8.68
-177110,-8.03
-176993,-7.46
-176882,-7.05
-176772,-6.92
-176662,-7.0
-176560,-5.93
-176454,-6.69
-176348,-6.54
-176244,-6.32
-176145,-5.85
-176043,-5.99
-175948,-5.4
-175851,-5.71
-175750,-5.84
-175634,-7.93
-175528,-6.61
-175425,-6.76
-175318,-6.84
-175215,-6.33
-175114,-5.61
-175008,-6.79
-174898,-6.94
-174777,-8.11
-174660,-8.28
-174537,-8.28
-174407,-8.87
-174279,-8.68
-174153,-8.53
-174025,-8.6
-173891,-9.23
-173762,-8.87
-173632,-8.89
-173511,-8.15
-173392,-7.95
-173277,-7.62
-173163,-7.46
-173040,-8.41
-172923,-7.87
-172810,-7.37
-172692,-7.98
-172578,-7.56
-172460,-8.38
-172341,-7.81
-172221,-8.12
-172102,-7.99
-171983,-8.07
-171861,-8.32
-171735,-8.7
-171614,-8.18
-171493,-8.17
-171378,-7.61
-171260,-8.14
-171147,-7.4
-171025,-8.46
-170911,-7.64
-170798,-7.46
-170681,-6.71
-170570,-7.45
-170464,-6.76
-170358,-7.1
-170258,-6.1
-170155,-6.68
-170058,-5.84
-169961,-5.92
-169860,-6.64
-169761,-6.03
-169659,-6.55
-169555,-6.97
-169444,-7.4
-169325,-8.28
-169206,-8.13
-169085,-8.56
-168965,-8.44
-168849,-8.18
-168732,-8.12
-168619,-8.27
-168506,-8.12
-168393,-8.31
-168275,-8.13
-168159,-7.91
-168046,-7.65
-167930,-8.03
-167828,-6.59
-167725,-6.64
-167615,-7.54
-167503,-7.63
-167392,-7.53
-167289,-6.79
-167188,-6.49
-167087,-6.58
-166987,-6.46
-166880,-7.89
-166769,-8.14
-166666,-6.68
-166565,-6.46
-166463,-7.09
-166358,-6.76
-166263,-5.83
-166166,-6.06
-166065,-6.79
-165965,-6.32
-165859,-7.16
-165750,-7.41
-165636,-7.95
-165531,-6.98
-165430,-7.34
-165320,-7.56
-165210,-7.54
-165100,-7.61
-164991,-7.38
-164874,-8.88
-164755,-8.34
-164635,-8.6
-164523,-7.63
-164408,-8.15
-164294,-8.54
-164168,-9.08
-164052,-8.0
-163936,-8.19
-163817,-8.39
-163696,-8.73
-163579,-8.19
-163467,-7.77
-163347,-8.64
-163226,-8.92
-163100,-9.19
-162983,-8.25
-162863,-8.54
-162742,-8.75
-162621,-8.62
-162503,-8.38
-162377,-9.12
-162247,-9.49
-162124,-8.93
-162002,-9.28
-161885,-8.4
-161780,-7.12
-161672,-7.4
-161555,-8.52
-161443,-8.58
-161339,-7.12
-161232,-7.45
-161130,-6.92
-161029,-6.88
-160927,-6.97
-160824,-6.83
-160721,-7.82
-160620,-7.32
-160525,-6.17
-160425,-6.91
-160327,-6.21
-160227,-6.47
-160126,-6.39
-160024,-6.62
-159926,-6.73
-159813,-7.54
-159712,-6.93
-159608,-7.24
-159493,-8.13
-159379,-8.87
-159260,-9.04
-159147,-8.0
-159030,-8.23
-158917,-8.1
-158806,-8.02
-158693,-8.17
-158589,-7.57
-158482,-7.57
-158373,-7.7
-158258,-7.39
-158156,-7.47
-158052,-7.46
-157947,-7.96
-157845,-7.58
-157741,-7.38
-157638,-7.3
-157540,-6.93
-157436,-6.99
-157348,-7.49
-157250,-6.86
-157154,-5.74
-157060,-6.52
-156961,-6.06
-156863,-7.29
-156762,-7.57
-156657,-7.92
-156546,-8.11
-156446,-9.07
-156342,-9.73
-156242,-9.02
-156141,-8.95
-156021,-9.04
-155905,-8.48
-155791,-8.82
-155677,-8.41
-155563,-8.27
-155441,-9.16
-155316,-9.52
-155199,-8.64
-155081,-8.77
-154965,-8.94
-154849,-8.53
-154723,-9.61
-154603,-8.96
-154486,-8.78
-154356,-9.58
-154224,-10.03
-154094,-9.92
-153975,-8.99
-153859,-8.62
-153747,-8.38
-153634,-8.36
-153513,-9.25
-153398,-8.53
-153285,-8.48
-153167,-8.93
-153047,-9.09
-152931,-8.72
-152812,-9.03
-152691,-9.28
-152576,-8.63
-152464,-8.43
-152354,-8.19
-152246,-8.03
-152128,-9.0
-152010,-9.1
-151898,-8.36
-151791,-7.97
-151685,-7.64
-151579,-7.89
-151472,-7.91
-151360,-8.65
-151252,-8.07
-151146,-7.88
-151041,-7.88
-150947,-7.83
-150840,-8.14
-150739,-7.45
-150643,-7.17
-150542,-7.4
-150439,-7.66
-150338,-7.43
-150235,-7.61
-150130,-7.93
-150026,-7.81
-149922,-7.76
-149819,-7.65
-149716,-7.7
-149615,-7.6
-149516,-7.01
-149412,-8.11
-149313,-7.16
-149212,-7.42
-149109,-7.77
-149007,-7.66
-148907,-7.43
-148806,-7.53
-148707,-7.31
-148606,-7.55
-148506,-7.55
-148409,-7.04
-148312,-7.17
-148217,-6.92
-148122,-6.96
-148026,-7.0
-147929,-7.14
-147834,-6.92
-147731,-7.84
-147636,-6.91
-147533,-7.86
-147429,-7.86
-147320,-8.49
-147213,-8.09
-147106,-8.31
-147000,-8.14
-146898,-7.65
-146791,-8.31
-146683,-8.38
-146577,-8.15
-146474,-7.94
-146377,-7.15
-146277,-7.66
-146173,-8.2
-146074,-7.35
-145976,-7.33
-145871,-8.07
-145760,-8.8
-145650,-8.49
-145537,-8.87
-145426,-8.78
-145316,-8.62
-145210,-8.26
-145110,-7.54
-145008,-7.9
-144907,-7.65
-144803,-8.33
-144714,-6.82
-144612,-8.18
-144509,-7.97
-144402,-8.33
-144294,-8.48
-144190,-8.09
-144092,-7.38
-143981,-8.82
-143865,-9.29
-143754,-8.8
-143646,-8.39
-143534,-8.99
-143432,-7.92
-143328,-8.1
-143223,-8.22
-143112,-8.96
-143009,-7.91
-142904,-8.27
-142797,-8.47
-142695,-7.93
-142588,-8.47
-142482,-8.34
-142378,-8.3
-142278,-7.64
-142175,-8.07
-142065,-8.87
-141952,-9.09
-141846,-8.35
-141733,-9.1
-141627,-8.51
-141529,-7.5
-141426,-8.04
-141315,-9.04
-141205,-8.84
-141095,-8.91
-140991,-8.23
-140892,-7.66
-140789,-8.27
-140686,-8.15
-140578,-8.71
-140470,-8.61
-140357,-9.29
-140248,-8.78
-140143,-8.42
-140043,-7.82
-139937,-8.51
-139837,-7.95
-139736,-8.0
-139622,-9.33
-139514,-8.81
-139408,-8.38
-139300,-8.84
-139192,-8.76
-139080,-9.17
-138968,-9.13
-138858,-9.02
-138751,-8.67
-138640,-9.06
-138538,-8.22
-138433,-8.47
-138322,-9.11
-138212,-9.19
-138109,-8.01
-138000,-9.13
-137895,-8.48
-137784,-9.14
-137677,-8.85
-137571,-8.57
-137466,-8.54
-137360,-8.77
-137251,-9.32
-137142,-8.94
-137032,-9.07
-136920,-9.43
-136813,-8.78
-136709,-9.01
-136603,-8.85
-136503,-7.93
-136400,-8.53
-136297,-8.49
-136197,-8.06
-136096,-8.33
-135997,-7.77
-135897,-8.19
-135793,-8.59
-135696,-8.35
-135597,-7.77
-135497,-8.11
-135397,-8.28
-135303,-7.46
-135208,-7.44
-135105,-8.68
-135003,-8.46
-134903,-8.12
-134801,-8.51
-134706,-8.27
-134602,-8.77
-134497,-8.73
-134395,-8.48
-134297,-7.89
-134197,-8.39
-134105,-7.39
-134017,-6.54
-133925,-7.47
-133829,-8.01
-133741,-6.83
-133642,-7.15
-133546,-7.8
-133451,-7.73
-133356,-7.77
-133263,-7.66
-133174,-6.99
-133086,-8.34
-132999,-6.88
-132916,-6.29
-132835,-6.07
-132753,-6.31
-132673,-5.76
-132595,-5.79
-132516,-5.89
-132439,-5.47
-132362,-5.48
-132285,-5.61
-132213,-4.65
-132137,-5.7
-132063,-5.18
-131991,-4.84
-131919,-5.02
-131852,-3.66
-131779,-5.32
-131707,-4.8
-131638,-4.48
-131574,-3.7
-131511,-2.99
-131447,-3.57
-131377,-4.68
-131308,-4.71
-131244,-3.21
-131183,-3.03
-131117,-4.13
-131049,-4.35
-130985,-3.55
-130921,-3.74
-130858,-3.27
-130796,-3.46
-130737,-2.73
-130673,-3.27
-130613,-3.14
-130556,-2.13
-130499,-3.15
-130443,-2.28
-130386,-2.32
-130331,-2.1
-130279,-1.33
-130226,-1.66
-130173,-1.52
-130115,-2.6
-130058,-2.85
-130004,-1.38
-129951,-1.78
-129897,-1.76
-129844,-1.52
-129792,-1.59
-129741,-1.09
-129691,-1.13
-129642,-0.69
-129591,-1.17
-129538,-1.67
-129492,-0.12
-129446,-0.23
-129402,0.75
-129358,0.07
-129313,0.49
-129268,0.4
-129222,-0.32
-129178,0.35
-129135,0.77
-129091,0.4
-129047,0.46
-129004,0.63
-128959,0.42
-128915,-0.18
-128872,0.9
-128829,0.81
-128788,1.0
-128746,1.04
-128704,0.89
-128664,1.34
-128625,1.55
-128586,2.15
-128545,1.14
-128505,0.77
-128467,3.25
-128430,1.64
-128390,1.67
-128355,2.75
-128318,2.61
-128281,1.91
-128243,2.19
-128208,2.82
-128171,2.12
-128133,1.57
-128098,3.39
-128063,2.91
-128027,2.72
-127991,2.31
-127957,3.35
-127922,3.08
-127887,2.92
-127854,3.31
-127819,3.7
-127784,2.42
-127746,1.93
-127711,3.08
-127677,3.37
-127643,3.46
-127609,3.32
-127575,3.26
-127542,3.77
-127508,3.06
-127475,3.44
-127443,4.35
-127408,2.88
-127372,2.98
-127336,2.65
-127305,4.56
-127273,3.77
-127241,3.8
-127208,4.09
-127174,3.12
-127140,3.38
-127107,4.61
-127074,3.66
-127040,3.52
-127005,2.35
-126971,3.88
-126939,3.79
-126904,3.16
-126872,4.51
-126841,4.59
-126808,4.3
-126776,3.34
-126743,3.96
-126712,5.46
-126680,4.84
-126648,3.66
-126617,3.1
-126587,3.84
-126555,4.86
-126524,4.06
-126492,4.71
-126461,4.79
-126430,3.46
-126398,4.08
-126367,2.9
-126334,4.0
-126299,4.79
-126265,2.56
-126231,4.38
-126196,3.26
-126162,3.47
-126129,3.2
-126096,3.97
-126062,3.36
-126029,4.43
-125996,4.32
-125962,3.93
-125928,3.36
-125895,4.4
-125860,2.81
-125823,3.25
-125784,3.59
-125747,2.95
-125709,2.04
-125672,2.95
-125635,2.77
-125598,2.44
-125562,3.33
-125525,2.98
-125487,2.08
-125446,1.89
-125407,1.66
-125368,2.86
-125331,2.61
-125292,2.25
-125253,2.16
-125214,1.9
-125176,2.65
-125140,3.2
-125102,2.79
-125065,2.14
-125027,3.18
-124990,2.53
-124953,3.21
-124915,2.29
-124876,2.14
-124838,2.6
-124799,2.39
-124758,1.5
-124717,1.91
-124676,1.77
-124633,1.16
-124590,1.33
-124544,0.49
-124498,0.33
-124453,1.11
-124409,0.43
-124367,2.06
-124326,2.06
-124283,0.91
-124238,0.84
-124198,2.14
-124155,0.79
-124113,2.28
-124071,1.11
-124027,1.08
-123985,1.39
-123944,2.09
-123898,0.21
-123853,0.59
-123809,1.62
-123767,1.08
-123724,1.5
-123681,1.33
-123638,1.27
-123595,1.14
-123555,1.99
-123515,2.03
-123474,1.68
-123433,1.9
-123389,0.96
-123347,1.44
-123306,1.74
-123264,2.01
-123222,1.27
-123179,0.92
-123138,2.05
-123093,0.81
-123050,1.11
-123009,2.23
-122969,1.57
-122930,2.73
-122891,2.1
-122849,1.71
-122804,0.6
-122760,0.87
-122719,2.13
-122678,1.85
-122634,0.84
-122592,1.54
-122551,1.39
-122512,2.92
-122473,2.11
-122434,2.48
-122395,1.93
-122359,3.66
-122323,2.96
-122285,2.5
-122250,3.77
-122212,2.33
-122174,2.46
-122135,2.51
-122091,0.83
-122050,1.62
-122010,2.47
-121971,2.04
-121932,2.31
-121895,3.12
-121854,1.52
-121814,2.32
-121776,2.3
-121738,2.73
-121698,2.39
-121657,1.3
-121616,1.48
-121577,3.01
-121536,1.48
-121496,2.2
-121454,1.09
-121413,2.55
-121372,1.29
-121331,1.74
-121292,2.37
-121252,2.45
-121209,0.52
-121168,2.32
-121127,1.65
-121088,2.14
-121048,2.09
-121008,2.44
-120967,1.07
-120927,2.34
-120889,2.71
-120851,2.53
-120810,1.65
-120770,2.06
-120731,2.21
-120691,2.06
-120650,1.78
-120609,1.73
-120569,1.99
-120527,1.66
-120485,1.28
-120444,2.18
-120405,2.71
-120366,1.72
-120326,2.31
-120287,2.06
-120244,1.8
-120202,1.23
-120160,1.71
-120117,1.09
-120075,1.5
-120032,1.24
-119986,0.47
-119945,1.46
-119904,2.14
-119864,1.69
-119822,1.52
-119781,1.67
-119742,2.36
-119702,2.23
-119660,0.98
-119620,1.68
-119582,2.88
-119542,1.87
-119502,2.33
-119462,1.55
-119420,1.37
-119378,1.55
-119336,1.38
-119294,1.39
-119252,1.22
-119212,2.49
-119170,1.08
-119128,1.15
-119089,2.5
-119049,1.87
-119008,1.58
-118966,1.42
-118925,1.59
-118883,1.31
-118842,1.85
-118799,1.12
-118756,1.02
-118713,1.28
-118670,0.96
-118626,0.71
-118582,0.99
-118540,1.38
-118497,1.14
-118454,0.79
-118412,1.47
-118370,1.25
-118329,1.54
-118289,1.9
-118244,0.59
-118203,1.98
-118160,0.59
-118116,1.13
-118072,0.84
-118026,0.11
-117981,0.47
-117938,1.13
-117893,0.66
-117850,0.76
-117809,2.11
-117768,1.25
-117724,0.89
-117680,0.28
-117637,1.37
-117593,0.67
-117550,1.29
-117504,0.12
-117457,-0.33
-117412,0.87
-117367,0.3
-117322,0.28
-117277,0.72
-117231,0.19
-117186,0.32
-117141,0.61
-117097,0.56
-117055,1.6
-117012,0.16
-116968,1.33
-116924,0.41
-116878,0.29
-116831,-0.19
-116787,0.75
-116740,-0.07
-116692,-0.35
-116645,-0.09
-116598,0.16
-116551,-0.49
-116506,0.7
-116462,0.5
-116416,0.43
-116368,-0.7
-116320,-0.32
-116273,0.22
-116225,-0.9
-116178,0.05
-116136,1.14
-116093,0.73
-116050,1.38
-116003,-0.65
-115954,-0.87
-115907,0.09
-115860,-0.41
-115814,0.4
-115767,-0.51
-115719,-0.5
-115674,0.39
-115627,-0.37
-115579,-0.39
-115532,-0.2
-115483,-0.76
-115434,-0.7
-115390,0.34
-115342,-0.32
-115294,-0.56
-115246,-0.5
-115199,-0.56
-115151,0.04
-115101,-1.56
-115051,-0.99
-115002,-0.43
-114954,-0.79
-114905,-0.3
-114854,-1.71
-114803,-1.32
-114754,-0.56
-114704,-1.19
-114652,-1.48
-114600,-1.6
-114549,-1.02
-114499,-1.24
-114449,-1.01
-114399,-1.21
-114350,-0.81
-114297,-1.55
-114239,-3.03
-114186,-1.73
-114134,-1.42
-114078,-2.56
-114025,-1.63
-113972,-1.71
-113917,-2.61
-113865,-1.42
-113812,-1.63
-113756,-2.6
-113701,-2.28
-113649,-1.62
-113596,-2.07
-113541,-2.23
-113486,-2.36
-113432,-2.12
-113377,-2.6
-113325,-1.21
-113272,-2.18
-113218,-1.92
-113165,-2.16
-113113,-0.96
-113060,-2.45
-113005,-2.17
-112949,-2.85
-112893,-2.49
-112841,-1.84
-112790,-1.63
-112734,-2.42
-112677,-2.69
-112618,-3.27
-112559,-3.31
-112502,-3.09
-112447,-2.02
-112391,-2.55
-112333,-3.08
-112276,-2.96
-112219,-3.14
-112165,-2.01
-112110,-2.87
-112053,-2.83
-111996,-3.03
-111938,-3.18
-111882,-2.82
-111825,-3.06
-111765,-3.26
-111702,-4.69
-111642,-3.42
-111581,-3.73
-111516,-4.62
-111452,-4.35
-111392,-3.53
-111331,-3.98
-111271,-3.64
-111211,-3.21
-111146,-5.08
-111083,-4.1
-111021,-4.09
-110957,-4.49
-110892,-4.64
-110827,-4.77
-110764,-4.36
-110703,-3.82
-110642,-4.02
-110576,-5.07
-110514,-4.15
-110449,-4.6
-110380,-5.63
-110313,-5.14
-110248,-4.6
-110185,-4.48
-110115,-5.62
-110047,-5.38
-109981,-4.83
-109914,-5.18
-109847,-5.25
-109778,-5.47
-109711,-5.43
-109647,-4.44
-109581,-5.19
-109514,-5.41
-109449,-4.69
-109380,-5.77
-109312,-5.73
-109250,-4.12
-109186,-4.96
-109121,-5.0
-109054,-5.45
-108990,-4.93
-108926,-4.8
-108861,-5.29
-108797,-4.78
-108731,-5.41
-108663,-5.57
-108597,-5.26
-108532,-5.27
-108468,-5.12
-108406,-4.47
-108340,-5.58
-108271,-5.62
-108201,-6.42
-108134,-5.35
-108074,-4.25
-108007,-5.67
-107935,-6.62
-107871,-5.01
-107806,-5.41
-107740,-5.61
-107673,-5.58
-107607,-5.62
-107539,-5.81
-107466,-7.04
-107398,-5.39
-107330,-6.08
-107260,-6.25
-107193,-5.81
-107121,-6.31
-107043,-7.74
-106972,-6.46
-106900,-6.43
-106826,-7.19
-106755,-6.36
-106682,-6.88
-106610,-6.53
-106537,-6.97
-106466,-6.36
-106390,-7.51
-106317,-6.89
-106245,-6.81
-106174,-6.52
-106105,-6.38
-106035,-6.46
-105967,-6.39
-105898,-6.23
-105831,-6.25
-105767,-5.54
-105703,-5.63
-105639,-5.58
-105579,-4.91
-105517,-5.52
-105456,-5.03
-105392,-5.83
-105333,-4.87
-105272,-5.06
-105211,-5.32
-105152,-5.0
-105095,-4.29
-105037,-4.82
-104983,-4.03
-104926,-4.63
-104867,-4.83
-104808,-5.17
-104753,-4.15
-104701,-3.72
-104651,-3.01
-104600,-3.59
-104549,-3.33
-104496,-3.94
-104444,-3.68
-104390,-4.16
-104337,-3.94
-104283,-3.94
-104227,-4.6
-104172,-4.51
-104116,-4.11
-104060,-4.82
-104005,-4.48
-103952,-3.54
-103893,-5.27
-103834,-5.13
-103775,-5.26
-103716,-5.16
-103658,-4.9
-103601,-4.75
-103545,-4.64
-103487,-4.89
-103429,-5.18
-103371,-4.79
-103313,-4.87
-103253,-5.6
-103193,-5.49
-103135,-4.85
-103082,-4.02
-103025,-4.98
-102967,-5.15
-102911,-4.64
-102854,-4.88
-102797,-4.9
-102741,-4.59
-102682,-5.25
-102621,-5.75
-102562,-5.29
-102502,-5.47
-102442,-5.48
-102380,-5.94
-102320,-5.64
-102262,-4.57
-102200,-6.16
-102133,-6.78
-102072,-5.67
-102010,-5.72
-101947,-6.25
-101886,-5.69
-101819,-6.89
-101755,-5.83
-101686,-7.29
-101620,-6.45
-101552,-6.98
-101482,-7.35
-101418,-6.26
-101351,-6.74
-101284,-6.97
-101225,-5.29
-101163,-6.22
-101102,-5.74
-101041,-5.95
-100985,-4.8
-100927,-5.24
-100868,-5.54
-100809,-5.58
-100751,-5.51
-100697,-4.32
-100639,-5.45
-100584,-4.77
-100529,-4.87
-100473,-5.13
-100417,-4.84
-100361,-4.74
-100302,-6.18
-100246,-4.9
-100193,-4.24
-100141,-4.41
-100087,-4.59
-100032,-5.02
-99979,-4.26
-99927,-4.34
-99875,-4.34
-99822,-4.64
-99770,-4.09
-99717,-4.69
-99663,-4.47
-99610,-4.84
-99559,-3.88
-99508,-4.51
-99460,-3.45
-99413,-2.79
-99364,-4.04
-99315,-3.54
-99266,-3.79
-99214,-4.37
-99162,-4.24
-99108,-4.9
-99052,-5.16
-98997,-4.92
-98942,-5.13
-98892,-3.92
-98840,-4.29
-98789,-4.3
-98737,-4.45
-98684,-4.57
-98629,-5.0
-98578,-4.02
-98526,-4.67
-98476,-3.79
-98423,-4.76
-98370,-4.48
-98318,-4.75
-98267,-3.89
-98216,-4.33
-98163,-4.88
-98112,-4.07
-98060,-4.32
-98007,-5.03
-97953,-4.3
-97898,-5.61
-97845,-4.53
-97792,-4.58
-97742,-4.17
-97691,-4.2
-97635,-5.21
-97585,-4.2
-97531,-4.7
-97477,-5.06
-97422,-5.28
-97367,-4.71
-97312,-5.16
-97255,-5.59
-97197,-5.87
-97143,-4.67
-97090,-4.7
-97039,-4.32
-96982,-5.66
-96929,-4.47
-96875,-5.3
-96822,-4.54
-96767,-5.15
-96712,-5.33
-96659,-4.82
-96609,-3.68
-96559,-4.64
-96509,-3.73
-96458,-4.59
-96405,-4.63
-96351,-5.35
-96300,-3.68
-96246,-5.44
-96195,-4.16
-96145,-4.46
-96095,-3.82
-96043,-4.78
-95989,-5.03
-95935,-5.13
-95882,-4.8
-95832,-4.2
-95785,-3.41
-95732,-4.86
-95679,-4.73
-95625,-5.46
-95574,-3.84
-95522,-4.83
-95469,-5.05
-95418,-4.17
-95368,-4.37
-95318,-4.22
-95268,-4.32
-95217,-4.22
-95165,-5.11
-95114,-3.56
-95061,-5.71
-95008,-4.7
-94956,-4.72
-94905,-4.24
-94854,-4.8
-94802,-4.29
-94748,-5.46
-94698,-3.82
-94647,-4.73
-94593,-5.15
-94535,-5.84
-94488,-3.69
-94435,-4.87
-94381,-5.23
-94329,-4.6
-94281,-3.73
-94231,-4.32
-94180,-4.8
-94129,-4.14
-94073,-5.86
-94022,-4.78
-93973,-3.23
-93921,-5.3
-93868,-4.96
-93817,-4.22
-93764,-5.26
-93711,-5.02
-93658,-4.54
-93605,-5.36
-93552,-4.92
-93498,-4.98
-93444,-5.33
-93391,-5.03
-93338,-4.94
-93283,-5.38
-93231,-4.82
-93182,-4.11
-93133,-4.14
-93083,-4.42
-93036,-3.63
-92991,-3.41
-92942,-4.17
-92898,-3.02
-92854,-2.73
-92807,-3.94
-92755,-4.68
-92698,-6.12
-92644,-5.05
-92592,-4.95
-92539,-4.93
-92490,-4.24
-92435,-5.41
-92385,-4.6
-92336,-3.99
-92281,-5.61
-92232,-4.22
-92183,-4.14
-92133,-4.39
-92084,-4.34
-92033,-4.67
-91981,-4.85
-91929,-4.78
-91879,-4.44
-91827,-4.73
-91775,-5.54
-91726,-3.53
-91675,-4.88
-91622,-5.05
-91567,-5.92
-91514,-4.78
-91464,-4.47
-91414,-4.57
-91365,-4.23
-91314,-4.38
-91260,-5.59
-91206,-5.16
-91153,-5.32
-91101,-4.6
-91045,-6.05
-90990,-5.37
-90939,-4.8
-90887,-4.88
-90835,-4.91
-90784,-4.69
-90729,-5.9
-90679,-4.21
-90627,-5.09
-90574,-4.87
-90520,-5.63
-90468,-5.19
-90417,-4.13
-90365,-5.27
-90310,-5.63
-90253,-5.85
-90198,-5.76
-90144,-5.33
-90090,-5.35
-90036,-5.3
-89985,-4.9
-89930,-5.61
-89875,-5.68
-89820,-5.27
-89763,-6.19
-89706,-6.04
-89651,-5.59
-89600,-4.95
-89549,-4.22
-89490,-6.73
-89434,-5.82
-89378,-5.87
-89320,-6.34
-89263,-5.76
-89205,-6.6
-89151,-5.16
-89096,-5.71
-89041,-5.67
-88988,-5.16
-88937,-4.88
-88883,-5.64
-88826,-5.92
-88768,-6.21
-88710,-6.38
-88650,-6.59
-88589,-6.77
-88538,-4.91
-88485,-5.32
-88429,-5.86
-88374,-6.37
-88323,-3.98
-88271,-5.46
-88218,-5.4
-88164,-5.46
-88111,-5.39
-88061,-5.01
-88013,-3.89
-87963,-4.7
-87910,-5.52
-87858,-5.22
-87806,-5.17
-87755,-4.76
-87699,-6.11
-87642,-6.23
-87589,-5.25
-87538,-5.05
-87488,-4.84
-87436,-5.12
-87386,-4.89
-87336,-4.67
-87280,-6.16
-87224,-6.09
-87168,-5.64
-87111,-6.29
-87055,-6.44
-87002,-5.1
-86949,-5.53
-86897,-5.1
-86844,-5.61
-86791,-5.26
-86737,-5.69
-86680,-6.27
-86624,-6.15
-86568,-5.69
-86509,-7.01
-86451,-6.42
-86395,-5.81
-86335,-6.88
-86279,-5.94
-86221,-6.52
-86164,-6.59
-86108,-5.75
-86054,-5.8
-85998,-6.04
-85940,-6.52
-85880,-6.97
-85823,-5.85
-85764,-7.44
-85707,-5.57
-85649,-6.84
-85591,-6.46
-85530,-6.99
-85473,-6.65
-85418,-5.49
-85359,-6.57
-85296,-7.53
-85232,-7.6
-85170,-7.17
-85113,-6.61
-85057,-5.67
-85001,-6.53
-84948,-5.32
-84894,-6.07
-84840,-5.79
-84785,-6.09
-84735,-4.75
-84679,-6.32
-84623,-6.25
-84569,-5.99
-84515,-5.68
-84462,-5.81
-84411,-4.98
-84360,-5.33
-84309,-5.3
-84258,-5.23
-84206,-5.86
-84157,-4.39
-84108,-5.02
-84060,-4.77
-84011,-4.57
-83961,-5.25
-83910,-5.27
-83859,-5.33
-83808,-5.43
-83760,-4.76
-83711,-4.49
-83663,-4.99
-83613,-4.97
-83565,-5.05
-83517,-4.0
-83469,-5.23
-83421,-4.64
-83373,-4.49
-83325,-4.67
-83279,-4.84
-83237,-2.64
-83192,-4.26
-83143,-4.87
-83095,-4.64
-83049,-4.32
-83001,-4.62
-82952,-5.35
-82908,-3.25
-82862,-4.24
-82815,-5.0
-82768,-4.32
-82724,-3.88
-82681,-3.3
-82638,-3.59
-82593,-4.07
-82549,-3.84
-82504,-4.3
-82461,-3.58
-82417,-3.46
-82372,-4.45
-82326,-4.25
-82281,-3.81
-82234,-4.89
-82191,-3.28
-82147,-4.17
-82103,-3.36
-82061,-4.08
-82020,-2.41
-81978,-3.44
-81935,-3.93
-81892,-3.39
-81846,-4.69
-81806,-2.51
-81766,-2.56
-81724,-3.71
-81682,-3.37
-81639,-3.63
-81594,-4.09
-81553,-2.84
-81510,-4.04
-81467,-3.56
-81424,-3.41
-81382,-3.68
-81344,-2.3
-81305,-2.47
-81265,-2.83
-81226,-2.76
-81187,-2.65
-81148,-2.48
-81107,-3.52
-81066,-2.49
-81024,-3.95
-80982,-3.14
-80939,-3.73
-80896,-3.74
-80854,-3.48
-80813,-2.77
-80771,-3.58
-80729,-3.79
-80691,-2.01
-80648,-3.59
-80604,-4.4
-80561,-3.04
-80519,-3.87
-80476,-3.59
-80435,-2.96
-80393,-3.63
-80352,-3.12
-80311,-2.97
-80268,-3.91
-80223,-3.85
-80178,-4.74
-80133,-3.71
-80087,-4.59
-80041,-4.26
-79993,-5.03
-79949,-3.93
-79904,-4.07
-79860,-4.21
-79816,-3.38
-79774,-4.14
-79733,-2.65
-79686,-4.8
-79641,-4.37
-79595,-4.37
-79548,-4.37
-79499,-5.21
-79450,-5.26
-79405,-4.35
-79360,-3.91
-79313,-4.65
-79264,-5.05
-79214,-5.63
-79164,-5.49
-79115,-4.72
-79066,-5.28
-79016,-5.5
-78967,-4.74
-78918,-5.52
-78870,-4.69
-78823,-4.49
-78776,-5.14
-78729,-4.66
-78683,-4.38
-78635,-4.86
-78587,-5.04
-78539,-5.01
-78489,-5.26
-78441,-4.91
-78395,-4.37
-78346,-5.39
-78299,-4.62
-78248,-5.96
-78203,-3.8
-78156,-4.9
-78108,-4.92
-78060,-4.86
-78010,-5.45
-77959,-5.77
-77909,-5.44
-77860,-5.13
-77812,-5.57
-77766,-4.06
-77719,-4.26
-77670,-5.99
-77620,-4.71
-77570,-6.29
-77520,-4.96
-77471,-5.59
-77423,-4.76
-77376,-4.88
-77329,-4.44
-77278,-6.27
-77228,-5.13
-77177,-6.06
-77126,-5.02
-77071,-7.15
-77019,-5.67
-76968,-5.64
-76918,-5.41
-76866,-6.32
-76817,-5.1
-76769,-4.92
-76720,-5.45
-76669,-5.67
-76619,-5.34
-76567,-6.13
-76515,-6.12
-76464,-5.61
-76414,-5.25
-76359,-6.64
-76302,-7.4
-76250,-5.75
-76198,-5.69
-76144,-6.63
-76091,-6.2
-76039,-5.94
-75984,-6.6
-75930,-6.44
-75875,-6.69
-75820,-6.38
-75764,-6.81
-75707,-7.05
-75650,-7.04
-75596,-6.46
-75542,-6.43
-75485,-7.08
-75432,-6.31
-75381,-5.66
-75330,-5.77
-75278,-6.38
-75228,-5.16
-75175,-6.78
-75122,-6.12
-75070,-6.03
-75018,-6.06
-74965,-6.21
-74910,-6.89
-74855,-6.65
-74799,-6.95
-74742,-7.18
-74688,-6.38
-74636,-6.1
-74581,-6.98
-74527,-5.99
-74469,-8.09
-74415,-6.28
-74362,-6.1
-74308,-6.75
-74251,-6.91
-74193,-7.51
-74140,-6.31
-74087,-6.38
-74032,-6.99
-73976,-6.77
-73918,-7.43
-73857,-7.94
-73798,-7.6
-73743,-6.78
-73685,-7.41
-73631,-6.52
-73577,-6.96
-73524,-6.22
-73470,-6.67
-73417,-6.62
-73366,-5.99
-73315,-6.1
-73264,-5.98
-73214,-5.82
-73164,-5.86
-73112,-6.22
-73061,-6.67
-73011,-5.19
-72962,-6.11
-72913,-5.34
-72865,-5.72
-72818,-5.26
-72770,-5.29
-72723,-5.59
-72679,-4.44
-72637,-4.08
-72593,-4.64
-72552,-3.52
-72509,-4.47
-72464,-4.97
-72418,-5.15
-72371,-4.92
-72323,-5.86
-72277,-5.06
-72232,-4.51
-72185,-5.7
-72139,-4.83
-72091,-5.56
-72044,-5.52
-71997,-5.39
-71952,-4.21
-71904,-5.97
-71853,-6.04
-71801,-6.62
-71750,-6.11
-71699,-6.23
-71648,-6.23
-71594,-6.91
-71545,-5.53
-71489,-7.39
-71437,-6.45
-71382,-7.1
-71330,-6.16
-71275,-7.55
-71222,-6.45
-71169,-6.51
-71116,-6.89
-71061,-6.58
-71005,-7.66
-70949,-7.17
-70892,-7.42
-70835,-7.63
-70777,-7.6
-70718,-7.66
-70658,-8.19
-70596,-8.32
-70536,-8.14
-70476,-7.9
-70412,-8.89
-70350,-8.24
-70294,-7.3
-70237,-7.59
-70182,-7.05
-70124,-8.05
-70068,-6.94
-70013,-7.28
-69959,-7.09
-69906,-6.6
-69853,-6.9
-69800,-7.0
-69747,-6.65
-69694,-6.84
-69642,-6.71
-69593,-5.85
-69540,-6.88
-69488,-6.78
-69433,-7.19
-69380,-7.05
-69330,-6.04
-69281,-6.01
-69231,-6.21
-69180,-6.41
-69128,-7.09
-69080,-5.25
-69026,-7.27
-68972,-7.72
-68923,-5.41
-68875,-5.98
-68828,-5.53
-68782,-5.5
-68737,-5.05
-68690,-5.63
-68644,-5.61
-68595,-6.04
-68549,-5.2
-68499,-6.41
-68448,-6.61
-68397,-6.69
-68346,-6.28
-68291,-7.55
-68239,-6.66
-68187,-6.79
-68130,-7.72
-68075,-7.34
-68019,-7.69
-67962,-7.49
-67904,-8.07
-67846,-7.94
-67791,-7.27
-67735,-7.58
-67682,-6.91
-67622,-8.34
-67560,-8.8
-67500,-8.49
-67444,-7.26
-67382,-8.89
-67318,-8.99
-67253,-9.22
-67190,-8.75
-67124,-9.67
-67059,-8.85
-66992,-9.71
-66929,-8.92
-66865,-8.96
-66801,-9.42
-66741,-8.14
-66681,-8.6
-66623,-7.77
-66566,-8.15
-66510,-7.59
-66453,-7.92
-66395,-8.04
-66339,-7.79
-66274,-9.31
-66208,-9.51
-66141,-9.63
-66078,-9.06
-66018,-8.27
-65958,-8.6
-65897,-8.87
-65842,-7.12
-65779,-9.32
-65715,-9.12
-65653,-9.11
-65595,-7.81
-65534,-8.78
-65470,-9.4
-65408,-8.9
-65346,-8.86
-65281,-9.44
-65217,-9.26
-65153,-9.39
-65090,-8.82
-65025,-9.61
-64963,-9.01
-64902,-8.5
-64839,-9.23
-64776,-9.21
-64717,-8.46
-64655,-8.67
-64591,-9.71
-64534,-7.85
-64473,-9.04
-64411,-8.83
-64349,-9.11
-64286,-9.2
-64220,-9.81
-64156,-9.17
-64091,-9.48
-64026,-9.58
-63963,-9.29
-63902,-8.78
-63837,-9.59
-63774,-9.36
-63713,-9.0
-63652,-8.46
-63589,-9.56
-63528,-8.79
-63465,-9.42
-63403,-9.14
-63343,-8.67
-63282,-9.03
-63223,-8.36
-63160,-9.77
-63103,-7.72
-63048,-7.72
-62989,-8.89
-62928,-8.82
-62867,-9.01
-62805,-9.34
-62746,-8.3
-62685,-9.24
-62627,-8.4
-62566,-9.11
-62506,-8.82
-62448,-8.24
-62389,-8.71
-62327,-9.32
-62268,-8.78
-62209,-8.38
-62150,-9.08
-62092,-8.53
-62039,-7.45
-61987,-7.12
-61933,-7.86
-61878,-7.88
-61820,-8.87
-61769,-6.63
-61715,-8.34
-61665,-6.82
-61613,-6.68
-61557,-8.49
-61498,-8.83
-61437,-9.05
-61375,-9.3
-61315,-8.95
-61252,-9.41
-61191,-9.22
-61129,-9.27
-61062,-10.19
-61002,-8.41
-60944,-8.6
-60882,-9.47
-60821,-9.17
-60764,-8.24
-60707,-8.53
-60648,-8.85
-60588,-8.89
-60529,-8.91
-60477,-7.25
-60420,-8.57
-60361,-8.86
-60304,-8.6
-60248,-8.19
-60193,-8.05
-60139,-7.94
-60083,-8.17
-60024,-8.94
-59968,-8.22
-59912,-8.37
-59859,-7.77
-59807,-7.62
-59755,-7.26
-59703,-7.52
-59651,-7.77
-59599,-7.44
-59549,-6.96
-59497,-7.6
-59444,-8.11
-59392,-7.01
-59342,-7.39
-59291,-7.32
-59241,-7.09
-59192,-6.86
-59143,-7.13
-59094,-6.43
-59043,-7.77
-58993,-7.13
-58946,-6.45
-58897,-6.68
-58846,-7.52
-58796,-7.24
-58747,-6.91
-58698,-7.22
-58652,-5.79
-58607,-6.07
-58559,-6.73
-58509,-7.25
-58463,-6.25
-58414,-6.97
-58363,-7.48
-58315,-6.66
-58266,-6.92
-58215,-7.33
-58165,-7.25
-58117,-6.67
-58069,-6.78
-58022,-6.35
-57974,-7.27
-57929,-5.72
-57884,-5.92
-57841,-5.9
-57797,-5.32
-57749,-6.9
-57700,-7.15
-57655,-5.85
-57610,-6.19
-57563,-6.55
-57518,-6.28
-57475,-4.82
-57430,-6.1
-57382,-7.3
-57336,-6.26
-57291,-6.16
-57251,-4.53
-57202,-7.08
-57160,-5.36
-57117,-5.41
-57074,-5.71
-57030,-5.8
-56986,-5.9
-56942,-5.78
-56897,-6.08
-56853,-5.8
-56809,-5.93
-56767,-4.89
-56725,-5.64
-56683,-5.44
-56641,-5.19
-56602,-4.6
-56560,-4.83
-56516,-6.42
-56472,-5.66
-56429,-5.86
-56388,-4.92
-56346,-5.03
-56304,-6.03
-56262,-4.42
-56220,-5.98
-56176,-5.28
-56130,-6.57
-56088,-5.25
-56043,-6.1
-55998,-5.97
-55953,-6.2
-55907,-6.23
-55859,-6.82
-55810,-7.16
-55762,-6.95
-55719,-5.23
-55675,-5.83
-55628,-6.61
-55581,-6.43
-55537,-5.75
-55492,-5.97
-55444,-6.66
-55395,-7.79
-55350,-5.58
-55307,-5.7
-55265,-4.97
-55221,-5.99
-55179,-5.2
-55135,-5.72
-55090,-6.37
-55043,-6.25
-54998,-6.83
-54953,-5.32
-54907,-6.56
-54862,-6.13
-54816,-6.36
-54766,-7.18
-54718,-6.52
-54668,-7.61
-54620,-6.46
-54573,-6.64
-54523,-7.21
-54474,-7.1
-54425,-7.0
-54376,-6.63
-54325,-8.08
-54275,-6.88
-54227,-6.52
-54178,-7.29
-54126,-7.37
-54072,-8.67
-54021,-6.75
-53967,-8.38
-53913,-8.13
-53862,-7.35
-53811,-7.32
-53757,-8.33
-53703,-7.91
-53653,-7.37
-53603,-7.19
-53555,-6.81
-53507,-6.77
-53458,-6.79
-53408,-7.81
-53360,-6.59
-53313,-6.34
-53265,-6.85
-53218,-7.05
-53171,-6.04
-53124,-6.82
-53076,-6.93
-53032,-5.79
-52987,-6.14
-52939,-6.76
-52893,-6.6
-52847,-5.94
-52798,-7.39
-52746,-7.37
-52694,-7.9
-52643,-7.62
-52594,-6.79
-52544,-7.4
-52494,-7.4
-52445,-6.86
-52397,-6.9
-52350,-7.04
-52306,-5.42
-52263,-5.83
-52218,-5.96
-52174,-5.66
-52127,-6.98
-52080,-6.5
-52033,-6.67
-51987,-6.25
-51942,-6.52
-51898,-5.54
-51853,-6.25
-51810,-5.54
-51763,-6.66
-51715,-6.87
-51667,-7.19
-51621,-6.08
-51576,-6.3
-51532,-6.18
-51489,-5.29
-51449,-4.99
-51408,-4.92
-51368,-4.95
-51327,-5.18
-51286,-5.03
-51244,-5.41
-51203,-5.08
-51159,-6.18
-51117,-5.75
-51076,-4.25
-51032,-6.33
-50984,-6.82
-50937,-6.62
-50892,-6.18
-50849,-6.11
-50807,-4.61
-50763,-6.11
-50717,-6.72
-50674,-5.28
-50629,-6.35
-50584,-5.97
-50537,-7.04
-50493,-5.66
-50448,-6.07
-50401,-6.75
-50355,-6.32
-50308,-6.86
-50261,-6.32
-50212,-7.27
-50167,-6.23
-50124,-5.24
-50082,-6.36
-50039,-4.62
-49996,-5.97
-49951,-6.26
-49904,-6.81
-49861,-5.49
-49815,-6.64
-49768,-6.11
-49720,-7.35
-49672,-6.57
-49624,-7.41
-49578,-5.98
-49532,-6.42
-49485,-6.61
-49436,-7.21
-49389,-6.77
-49340,-7.02
-49292,-6.95
-49242,-7.22
-49192,-7.38
-49142,-7.38
-49090,-7.84
-49043,-6.71
-48995,-6.69
-48945,-7.37
-48896,-7.5
-48847,-6.59
-48798,-7.48
-48750,-7.02
-48702,-6.25
-48651,-8.11
-48601,-7.43
-48553,-7.17
-48508,-5.64
-48460,-7.05
-48411,-7.06
-48361,-7.5
-48310,-7.53
-48262,-7.02
-48215,-6.5
-48168,-6.96
-48120,-6.64
-48071,-7.06
-48019,-8.18
-47968,-7.49
-47918,-7.67
-47870,-6.3
-47820,-7.67
-47770,-7.7
-47723,-6.1
-47674,-7.45
-47624,-7.54
-47576,-6.75
-47527,-7.16
-47475,-7.96
-47424,-7.36
-47371,-8.39
-47319,-7.64
-47267,-8.05
-47216,-7.28
-47164,-8.17
-47113,-7.59
-47062,-7.67
-47012,-7.57
-46965,-6.54
-46917,-7.01
-46868,-7.08
-46815,-8.17
-46761,-8.32
-46713,-6.93
-46663,-7.56
-46608,-8.51
-46560,-7.0
-46510,-7.31
-46463,-6.8
-46416,-6.63
-46368,-6.8
-46317,-7.99
-46267,-7.31
-46214,-7.94
-46160,-8.55
-46107,-8.02
-46054,-7.92
-45999,-8.94
-45950,-7.25
-45902,-6.65
-45853,-7.66
-45805,-7.13
-45759,-6.27
-45713,-6.24
-45666,-7.2
-45618,-7.0
-45571,-6.73
-45524,-6.97
-45477,-6.59
-45430,-7.15
-45383,-6.64
-45339,-6.67
-45296,-4.97
-45252,-6.44
-45207,-6.24
-45161,-6.8
-45114,-6.75
-45069,-6.17
-45024,-6.44
-44980,-6.44
-44935,-5.88
-44889,-6.86
-44843,-6.49
-44798,-6.58
-44756,-5.25
-44715,-5.68
-44674,-5.05
-44633,-5.51
-44591,-5.64
-44553,-4.03
-44515,-4.57
-44476,-4.85
-44434,-5.72
-44391,-5.7
-44347,-6.18
-44303,-6.12
-44259,-6.31
-44215,-6.38
-44173,-5.24
-44130,-5.8
-44085,-6.86
-44041,-6.03
-44000,-5.14
-43962,-4.25
-43919,-6.28
-43877,-5.35
-43834,-6.01
-43792,-5.44
-43746,-6.69
-43701,-6.19
-43656,-7.05
-43612,-5.27
-43566,-6.9
-43519,-6.97
-43473,-6.51
-43427,-6.79
-43381,-6.59
-43334,-6.92
-43286,-7.0
-43239,-7.04
-43192,-6.62
-43145,-7.12
-43096,-7.17
-43046,-7.75
-42995,-7.65
-42945,-7.57
-42894,-7.78
-42843,-7.8
-42792,-7.92
-42742,-7.57
-42690,-7.9
-42638,-8.46
-42584,-8.3
-42531,-8.73
-42481,-7.63
-42431,-7.04
-42379,-8.04
-42326,-8.44
-42270,-8.77
-42215,-8.82
-42162,-8.31
-42108,-8.66
-42054,-8.74
-42003,-7.94
-41952,-8.02
-41898,-8.68
-41846,-8.42
-41796,-7.22
-41746,-7.81
-41696,-7.57
-41647,-7.37
-41596,-8.06
-41545,-7.9
-41496,-7.36
-41449,-6.93
-41404,-6.47
-41353,-7.93
-41302,-8.03
-41254,-6.83
-41206,-7.51
-41160,-6.83
-41113,-6.62
-41066,-7.2
-41019,-7.02
-40972,-7.07
-40926,-6.75
-40877,-7.41
-40826,-7.94
-40776,-7.61
-40723,-8.52
-40674,-7.12
-40622,-8.46
-40572,-7.77
-40522,-7.55
-40472,-7.54
-40420,-8.36
-40369,-8.18
-40318,-7.52
-40264,-8.89
-40211,-8.22
-40155,-9.04
-40099,-9.06
-40044,-8.75
-39990,-8.74
-39935,-8.8
-39882,-8.36
-39827,-8.97
-39774,-8.22
-39723,-7.95
-39670,-8.73
-39619,-7.79
-39565,-8.83
-39519,-6.66
-39465,-8.57
-39415,-7.83
-39366,-7.58
-39318,-7.55
-39272,-6.45
-39224,-7.31
-39173,-8.58
-39123,-7.57
-39073,-7.77
-39022,-8.02
-38969,-8.15
-38915,-9.39
-38862,-8.14
-38809,-8.42
-38755,-8.82
-38701,-8.7
-38646,-8.72
-38592,-8.89
-38540,-8.54
-38491,-7.26
-38443,-7.54
-38394,-7.19
-38343,-8.41
-38290,-8.53
-38238,-8.63
-38188,-7.59
-38138,-7.74
-38088,-8.25
-38039,-7.2
-37989,-8.12
-37939,-7.74
-37887,-8.48
-37837,-7.83
-37782,-9.24
-37729,-8.18
-37674,-9.1
-37619,-9.2
-37564,-9.02
-37513,-8.03
-37462,-7.97
-37412,-8.2
-37361,-7.97
-37311,-8.05
-37260,-8.2
-37211,-7.73
-37161,-8.05
-37118,-5.95
-37072,-6.87
-37026,-7.78
-36980,-6.46
-36936,-6.59
-36891,-6.89
-36848,-6.15
-36800,-7.53
-36754,-7.18
-36709,-6.82
-36665,-6.34
-36622,-6.41
-36578,-6.39
-36534,-6.62
-36489,-7.03
-36444,-6.57
-36400,-6.29
-36356,-7.28
-36313,-5.83
-36265,-7.63
-36218,-7.25
-36174,-7.13
-36131,-5.5
-36088,-5.98
-36042,-7.86
-35995,-7.23
-35948,-7.17
-35907,-6.16
-35868,-4.66
-35829,-5.22
-35787,-6.41
-35747,-5.14
-35705,-6.27
-35663,-6.18
-35620,-6.04
-35575,-7.18
-35529,-6.85
-35480,-8.14
-35434,-6.84
-35387,-7.91
-35340,-6.84
-35293,-7.79
-35247,-6.62
-35199,-7.89
-35150,-7.88
-35101,-7.91
-35057,-6.63
-35010,-7.0
-34961,-8.17
-34909,-8.54
-34856,-8.84
-34804,-8.66
-34754,-7.95
-34704,-8.08
-34654,-8.44
-34604,-7.77
-34555,-8.05
-34505,-8.2
-34456,-8.09
-34407,-7.84
-34358,-7.84
-34307,-8.32
-34256,-8.54
-34203,-8.69
-34150,-9.07
-34100,-8.05
-34051,-8.08
-34002,-8.02
-33952,-7.97
-33898,-9.24
-33848,-8.18
-33796,-8.68
-33747,-7.89
-33700,-7.61
-33651,-7.81
-33600,-8.67
-33550,-8.52
-33503,-6.81
-33455,-8.06
-33406,-8.24
-33357,-8.18
-33310,-7.52
-33264,-7.09
-33216,-7.72
-33166,-8.41
-33119,-7.69
-33073,-7.03
-33026,-7.69
-32977,-8.04
-32929,-8.37
-32881,-7.4
-32834,-7.35
-32786,-8.48
-32738,-7.68
-32690,-7.75
-32641,-8.34
-32594,-7.39
-32543,-8.55
-32495,-8.03
-32445,-8.19
-32392,-9.08
-32337,-9.58
-32284,-8.97
-32230,-9.12
-32180,-8.53
-32126,-9.16
-32071,-9.52
-32016,-9.52
-31960,-9.53
-31905,-9.53
-31851,-9.53
-31799,-8.77
-31749,-8.1
-31698,-9.32
-31649,-7.72
-31601,-8.12
-31552,-8.14
-31502,-8.47
-31454,-8.06
-31405,-8.3
-31359,-7.48
-31312,-7.76
-31264,-8.06
-31217,-7.53
-31170,-7.93
-31122,-8.03
-31073,-8.18
-31022,-8.74
-30970,-9.25
-30919,-8.59
-30865,-9.24
-30810,-9.88
-30756,-9.31
-30702,-9.46
-30647,-9.77
-30595,-9.16
-30546,-8.09
-30497,-7.95
-30448,-9.02
-30399,-7.78
-30351,-8.38
-30302,-8.2
-30252,-8.81
-30203,-8.31
-30153,-8.64
-30105,-8.4
-30061,-6.9
-30014,-8.12
-29969,-7.07
-29920,-8.5
-29871,-8.88
-29822,-8.3
-29775,-7.5
-29723,-9.19
-29668,-10.36
-29614,-8.92
-29560,-9.87
-29508,-8.9
-29457,-9.07
-29405,-8.91
-29352,-9.42
-29297,-10.04
-29243,-9.47
-29190,-9.29
-29135,-9.93
-29081,-9.51
-29032,-8.52
-28982,-8.77
-28933,-8.69
-28887,-7.57
-28837,-8.87
-28787,-8.87
-28737,-8.87
-28686,-8.88
-28636,-8.88
-28584,-9.29
-28532,-9.19
-28481,-9.19
-28430,-9.06
-28379,-8.61
-28327,-9.94
-28277,-8.31
-28226,-9.19
-28174,-9.25
-28120,-10.03
-28070,-8.4
-28017,-9.85
-27964,-9.38
-27912,-9.44
-27858,-9.82
-27808,-8.9
-27760,-8.36
-27714,-7.82
-27667,-8.33
-27620,-8.42
-27572,-8.35
-27524,-8.42
-27474,-8.88
-27424,-9.42
-27377,-7.93
-27332,-7.55
-27285,-8.6
-27241,-7.39
-27195,-8.23
-27148,-8.1
-27101,-8.26
-27053,-8.72
-27005,-8.28
-26957,-8.88
-26909,-8.35
-26859,-9.27
-26809,-8.91
-26758,-9.14
-26707,-9.46
-26658,-8.87
-26610,-8.59
-26561,-8.61
-26514,-8.69
-26468,-7.84
-26422,-8.2
-26373,-8.89
-26325,-8.71
-26273,-9.42
-26220,-9.93
-26168,-9.42
-26117,-9.15
-26063,-10.22
-26010,-9.87
-25961,-8.81
-25914,-8.38
-25863,-9.4
-25814,-8.94
-25767,-8.61
-25723,-7.71
-25677,-7.86
-25627,-9.14
-25573,-10.51
-25524,-8.69
-25475,-9.03
-25427,-9.25
-25382,-6.91
-25337,-8.84
-25290,-8.28
-25242,-8.79
-25191,-9.22
-25139,-9.93
-25087,-9.7
-25035,-9.75
-24983,-9.59
-24929,-10.13
-24877,-9.72
-24827,-9.48
-24776,-9.05
-24723,-10.11
-24669,-10.19
-24616,-9.96
-24565,-9.59
-24515,-9.34
-24462,-9.94
-24413,-9.02
-24361,-9.96
-24306,-10.4
-24256,-9.17
-24204,-9.96
-24152,-9.85
-24103,-8.98
-24050,-10.2
-23999,-9.61
-23949,-8.93
-23897,-10.47
-23845,-9.53
-23792,-10.02
-23740,-10.19
-23689,-9.3
-23639,-9.54
-23588,-9.67
-23536,-9.84
-23485,-9.87
-23433,-9.54
-23380,-10.32
-23325,-10.48
-23272,-10.21
-23222,-9.35
-23173,-9.35
-23122,-9.83
-23070,-9.95
-23018,-9.83
-22969,-9.39
-22917,-9.84
-22867,-9.54
-22816,-9.89
-22764,-9.96
-22712,-10.06
-22659,-10.21
-22608,-9.9
-22560,-8.99
-22516,-7.98
-22464,-10.1
-22412,-10.07
-22363,-9.33
-22313,-9.76
-22265,-9.0
-22218,-9.05
-22169,-9.4
-22119,-9.68
-22065,-10.58
-22015,-9.52
-21965,-9.62
-21914,-9.95
-21861,-10.39
-21812,-9.36
-21764,-9.29
-21717,-8.95
-21672,-8.64
-21625,-9.05
-21578,-8.88
-21533,-8.69
-21485,-9.28
-21438,-8.95
-21389,-9.36
-21338,-10.25
-21291,-8.79
-21244,-9.19
-21198,-8.99
-21154,-8.23
-21109,-8.84
-21063,-8.43
-21017,-9.11
-20968,-9.55
-20919,-9.73
-20870,-9.39
-20821,-9.62
-20773,-9.36
-20723,-9.98
-20675,-9.0
-20626,-9.92
-20579,-9.22
-20533,-8.74
-20485,-9.41
-20439,-9.14
-20395,-8.36
-20345,-9.91
-20294,-10.04
-20248,-8.81
-20199,-9.67
-20149,-9.98
-20099,-9.82
-20051,-9.45
-20003,-9.6
-19956,-9.14
-19909,-9.42
-19864,-8.47
-19820,-8.72
-19774,-8.96
-19725,-9.57
-19675,-10.12
-19627,-9.64
-19580,-8.9
-19532,-9.71
-19484,-10.1
-19440,-7.92
-19396,-8.59
-19349,-9.2
-19300,-10.04
-19251,-10.02
-19204,-9.06
-19159,-8.74
-19112,-9.52
-19064,-9.25
-19015,-10.14
-18967,-9.39
-18920,-9.47
-18873,-9.41
-18826,-9.36
-18780,-9.03
-18732,-9.64
-18684,-9.65
-18637,-9.49
-18590,-9.31
-18545,-8.83
-18500,-8.92
-18451,-10.18
-18402,-9.72
-18354,-9.69
-18307,-9.53
-18260,-9.22
-18213,-9.79
-18167,-8.71
-18121,-9.46
-18075,-9.04
-18029,-9.4
-17980,-9.81
-17930,-10.43
-17883,-9.51
-17839,-8.53
-17795,-8.84
-17750,-8.94
-17702,-9.93
-17652,-10.19
-17605,-9.37
-17556,-10.19
-17508,-9.62
-17461,-9.75
-17414,-9.16
-17367,-9.96
-17321,-8.91
-17275,-9.55
-17234,-7.81
-17189,-9.34
-17143,-9.54
-17098,-8.52
-17051,-9.89
-17002,-10.43
-16957,-8.44
-16912,-9.34
-16865,-10.12
-16819,-8.84
-16773,-9.69
-16727,-9.02
-16682,-9.36
-16635,-9.61
-16589,-9.21
-16543,-9.92
-16499,-8.56
-16454,-9.26
-16411,-8.67
-16361,-10.35
-16315,-9.4
-16269,-9.51
-16223,-9.36
-16178,-9.41
-16132,-9.45
-16087,-9.18
-16043,-8.94
-15998,-9.25
-15953,-9.21
-15906,-9.64
-15859,-9.82
-15814,-9.54
-15769,-8.87
-15725,-8.9
-15680,-9.74
-15636,-8.97
-15595,-8.13
-15548,-9.7
-15502,-9.47
-15457,-9.47
-15411,-9.54
-15367,-9.08
-15325,-8.39
-15282,-9.11
-15240,-8.4
-15198,-8.5
-15155,-9.37
-15116,-7.4
-15074,-8.66
-15036,-7.38
-14996,-8.38
-14957,-7.8
-14917,-7.74
-14875,-9.0
-14834,-8.23
-14794,-8.11
-14755,-8.21
-14715,-7.37
-14676,-8.83
-14639,-6.82
-14602,-7.15
-14565,-7.44
-14528,-7.05
-14490,-8.15
-14454,-6.86
-14418,-6.75
-14383,-6.79
-14349,-6.76
-14315,-6.12
-14280,-6.44
-14245,-7.41
-14211,-6.22
-14178,-6.07
-14146,-6.1
-14113,-5.94
-14078,-6.76
-14043,-6.9
-14009,-6.46
-13977,-5.96
-13944,-5.91
-13911,-6.66
-13879,-5.39
-13847,-6.18
-13815,-5.82
-13783,-5.62
-13753,-5.32
-13722,-5.61
-13691,-5.25
-13662,-5.39
-13631,-4.8
-13599,-6.37
-13568,-5.19
-13537,-6.01
-13506,-5.35
-13477,-5.11
-13447,-4.75
-13416,-5.7
-13385,-5.74
-13354,-5.51
-13323,-5.66
-13292,-5.47
-13261,-5.72
-13231,-5.16
-13202,-4.76
-13174,-4.36
-13147,-4.5
-13119,-4.17
-13092,-4.05
-13063,-5.09
-13034,-5.1
-13008,-4.54
-12983,-2.3
-12954,-5.52
-12926,-4.25
-12899,-4.02
-12873,-3.62
-12846,-4.29
-12820,-4.04
-12793,-3.62
-12765,-4.44
-12737,-5.03
-12709,-4.22
-12680,-4.94
-12651,-5.42
-12623,-4.2
-12596,-4.59
-12570,-3.55
-12543,-4.17
-12516,-4.17
-12491,-2.71
-12467,-3.78
-12440,-5.32
-12414,-2.52
-12390,-2.96
-12367,-2.5
-12344,-2.69
-12322,-2.16
-12301,-1.93
-12279,-1.02
-12254,-4.14
-12229,-3.43
-12205,-3.0
-12181,-2.71
-12156,-3.27
-12130,-4.48
-12103,-4.05
-12077,-3.98
-12052,-3.24
-12028,-2.64
-12005,-2.82
-11979,-3.49
-11953,-4.23
-11925,-4.68
-11898,-4.6
-11872,-3.15
-11846,-5.07
-11820,-3.06
-11792,-4.43
-11764,-4.78
-11736,-4.18
-11708,-5.03
-11679,-5.06
-11650,-4.98
-11622,-4.83
-11595,-3.88
-11569,-4.46
-11544,-2.76
-11517,-3.97
-11490,-4.92
-11462,-4.49
-11433,-5.06
-11403,-5.31
-11376,-4.28
-11350,-4.12
-11324,-3.57
-11298,-3.6
-11271,-4.6
-11245,-3.94
-11220,-3.47
-11193,-4.27
-11165,-4.7
-11136,-5.17
-11108,-4.61
-11082,-4.05
-11055,-3.85
-11028,-4.58
-10999,-5.04
-10971,-4.82
-10944,-4.41
-10917,-3.56
-10890,-4.74
-10862,-4.1
-10834,-5.53
-10804,-5.28
-10777,-4.19
-10750,-4.35
-10723,-3.88
-10695,-5.15
-10667,-4.65
-10638,-5.17
-10609,-4.91
-10580,-5.5
-10553,-3.86
-10527,-4.14
-10502,-4.1
-10477,-2.76
-10451,-3.17
-10425,-4.91
-10399,-3.49
-10373,-4.4
-10347,-4.23
-10323,-2.23
-10299,-3.61
-10277,-2.12
-10254,-2.63
-10230,-3.81
-10206,-2.97
-10180,-3.03
-10155,-4.44
-10132,-2.91
-10109,-2.57
-10086,-3.02
-10064,-1.96
-10043,-1.99
-10022,-1.69
-9999,-2.64
-9976,-2.78
-9955,-1.84
-9933,-2.11
-9912,-1.86
-9891,-2.09
-9869,-1.85
-9848,-2.48
-9828,-1.3
-9810,0.07
-9791,-0.88
-9772,-0.5
-9753,-1.29
-9735,0.07
-9717,-1.06
-9699,0.01
-9680,-1.05
-9662,-0.19
-9642,-1.15
-9623,-1.16
-9604,-0.92
-9584,-1.33
-9566,-0.73
-9549,0.28
-9532,0.79
-9515,0.14
-9498,0.42
-9480,-0.37
-9460,-0.77
-9441,-1.59
-9422,-0.78
-9403,-1.77
-9385,1.11
-9368,1.29
-9352,-0.95
-9333,-0.32
-9314,-0.61
-9295,-2.15
-9277,-0.29
-9259,0.18
-9242,0.53
-9225,0.37
-9206,-0.93
-9186,-1.62
-9166,-1.41
-9147,-0.47
-9128,-1.14
-9110,-1.45
-9091,-0.08
-9073,0.3
-9056,-0.27
-9038,-0.12
-9018,-0.66
-8999,-1.81
-8980,-0.96
-8962,0.28
-8944,-0.33
-8925,-0.8
-8906,-1.36
-8888,-0.51
-8870,0.25
-8852,-0.22
-8834,-0.35
-8815,-0.96
-8796,-1.08
-8776,-1.01
-8758,-0.84
-8740,-0.77
-8722,0.86
-8704,-0.27
-8686,-0.51
-8667,-0.64
-8649,-0.88
-8630,-0.55
-8611,-0.12
-8593,-1.23
-8577,2.12
-8561,-0.02
-8544,0.41
-8528,1.16
-8512,0.53
-8494,0.31
-8475,-1.53
-8456,-0.71
-8437,-0.47
-8418,-1.27
-8399,0.26
-8381,-1.76
-8363,0.12
-8345,-0.15
-8327,-0.07
-8309,0.61
-8290,-1.38
-8272,-1.08
-8254,-0.2
-8236,0.38
-8219,-0.47
-8201,-0.02
-8184,0.43
-8167,1.39
-8150,0.02
-8132,-1.18
-8114,0.29
-8096,-0.2
-8079,0.32
-8061,0.26
-8043,-0.75
-8025,-0.36
-8007,0.35
-7988,-0.97
-7969,-0.65
-7951,0.15
-7934,-0.61
-7916,0.68
-7897,-1.57
-7878,-0.2
-7858,-0.13
-7838,-2.4
-7821,0.62
-7805,1.33
-7788,-0.07
-7771,0.45
-7753,0.01
-7736,-0.04
-7719,1.11
-7701,-0.38
-7683,-0.08
-7664,-1.16
-7646,-0.1
-7628,0.79
-7610,-0.75
-7591,0.04
-7573,-1.11
-7553,-0.33
-7533,-2.02
-7514,-0.48
-7497,0.48
-7462,0.24
-7443,-0.33
-7425,-0.14
-7407,-0.57
-7388,-0.45
-7369,-0.28
-7350,-0.04
-7331,-1.57
-7311,-0.99
-7292,-0.51
-7274,0.54
-7256,0.11
-7237,-1.42
-7217,-0.06
-7197,-1.9
-7176,-2.56
-7155,-0.49
-7135,-0.49
-7116,-1.09
-7096,-0.59
-7077,-0.94
-7057,-0.67
-7038,-1.49
-7018,-0.1
-6999,0.05
-6980,-1.13
-6960,-0.86
-6941,-0.86
-6921,-0.9
-6902,-0.19
-6883,-0.93
-6861,-1.62
-6839,-2.0
-6819,-0.44
-6800,-1.29
-6779,-0.84
-6758,-1.55
-6738,-1.6
-6718,-0.7
-6698,-1.13
-6678,-1.22
-6658,0.02
-6639,-1.54
-6619,-0.81
-6599,0.38
-6578,-0.74
-6558,-2.79
-6538,-0.85
-6518,-0.7
-6497,-0.74
-6476,-1.4
-6455,-1.89
-6433,-1.69
-6411,-2.4
-6389,-1.24
-6368,-1.26
-6347,-1.43
-6326,-1.35
-6305,-0.77
-6285,-1.71
-6263,-1.31
-6241,-2.25
-6218,-2.54
-6195,-2.04
-6174,-1.4
-6154,-0.65
-6132,-1.13
-6110,-3.09
-6087,-0.87
-6066,-2.19
-6044,-1.25
-6023,-1.41
-6002,-1.24
-5982,-1.06
-5963,-0.56
-5943,0.26
-5924,-0.34
-5904,-1.49
-5883,-1.47
-5862,-1.04
-5842,-2.03
-5823,0.47
-5803,0.79
-5783,-1.14
-5763,-1.88
-5744,0.43
-5725,-0.46
-5704,-0.82
-5683,-1.71
-5664,-1.14
-5645,0.83
-5626,-0.71
-5607,0.7
-5588,-0.93
-5568,0.03
-5548,-0.93
-5527,-1.77
-5507,-1.53
-5486,-0.24
-5464,-1.69
-5442,-1.84
-5420,-1.04
-5399,-2.1
-5379,-0.81
-5361,0.88
-5341,-0.4
-5320,-1.43
-5298,-1.56
-5277,-1.82
-5256,-0.93
-5233,-1.32
-5209,-3.0
-5188,-1.91
-5167,-0.39
-5146,-1.16
-5126,-1.11
-5105,-0.66
-5084,-0.94
-5063,-1.44
-5043,-0.29
-5023,-0.49
-5003,-1.23
-4983,-0.8
-4963,-0.73
-4944,0.99
-4926,-0.25
-4907,0.75
-4887,-0.59
-4867,-1.07
-4846,-1.2
-4825,-1.31
-4804,-1.47
-4784,-0.28
-4764,0.23
-4745,0.6
-4725,-2.0
-4704,-1.5
-4683,-0.22
-4661,-2.27
-4640,-0.71
-4619,-1.27
-4600,-0.48
-4580,0.81
-4558,-1.34
-4537,-1.78
-4518,-0.14
-4499,0.79
-4480,-0.47
-4459,-0.76
-4437,-1.37
-4417,-0.38
-4396,-1.55
-4375,-1.3
-4356,-0.19
-4335,0.27
-4315,-1.23
-4294,-0.68
-4274,0.03
-4255,-0.71
-4235,-0.51
-4215,-0.93
-4196,0.8
-4176,-1.52
-4156,0.49
-4136,0.06
-4116,-0.8
-4097,-0.4
-4077,-0.02
-4058,0.45
-4038,-0.5
-4017,-1.54
-3996,-0.71
-3975,-0.89
-3955,-0.54
-3936,0.32
-3918,0.57
-3899,0.29
-3880,-0.98
-3861,1.01
-3843,0.91
-3824,-0.72
-3806,1.38
-3786,-0.77
-3766,0.57
-3746,-0.97
-3726,-0.24
-3706,-0.1
-3686,-0.75
-3667,0.1
-3647,-0.26
-3629,1.23
-3610,0.0
-3588,-0.82
-3566,-2.19
-3545,-1.3
-3524,-0.06
-3502,-1.28
-3480,-1.08
-3458,-2.14
-3439,0.54
-3419,0.03
-3400,-0.26
-3381,0.68
-3362,-0.21
-3342,0.69
-3323,-0.26
-3303,-1.38
-3282,-0.17
-3262,-0.47
-3243,0.26
-3224,0.58
-3206,0.56
-3186,0.25
-3167,-0.13
-3147,-0.24
-3127,-0.95
-3106,0.36
-3087,-0.29
-3067,-0.32
-3047,-0.66
-3027,-0.5
-3008,0.98
-2989,0.37
-2970,-0.03
-2951,-0.16
-2932,0.25
-2912,0.67
-2892,-0.32
-2871,-1.16
-2851,-0.37
-2830,-0.28
-2810,-1.21
-2790,-0.76
-2770,0.94
-2751,-0.38
-2730,-0.16
-2711,-0.01
-2691,-0.56
-2671,0.27
-2651,0.16
-2632,0.01
-2612,-0.8
-2591,-0.4
-2571,-0.7
-2552,0.78
-2533,-0.39
-2514,1.33
-2495,0.35
-2475,-0.9
-2456,-0.32
-2436,0.04
-2417,0.29
-2396,0.0
-2376,-1.03
-2356,-0.48
-2338,1.36
-2319,-0.2
-2300,1.31
-2281,0.67
-2262,-1.57
-2242,0.5
-2223,0.06
-2203,-0.42
-2184,-0.59
-2164,0.82
-2145,0.89
-2126,-1.16
-2106,0.81
-2087,0.78
-2069,-0.59
-2049,-0.56
-2029,0.4
-2010,-0.41
-1989,-0.19
-1969,-0.52
-1950,-0.12
-1930,0.72
-1911,-0.92
-1891,-0.7
-1871,0.26
-1852,0.08
-1832,1.07
-1813,-1.57
-1795,1.26
-1777,1.36
-1758,-1.02
-1740,1.03
-1722,0.62
-1703,0.17
-1685,0.77
-1667,0.92
-1648,-0.67
-1628,0.16
-1609,-0.29
-1590,0.15
-1572,1.35
-1553,-1.04
-1533,0.46
-1514,-0.02
-1495,-0.18
-1475,-0.44
-1455,-0.28
-1435,-0.01
-1415,-1.44
-1395,-0.71
-1375,0.7
-1356,-1.05
-1336,-0.74
-1317,0.47
-1296,-1.76
-1276,-0.82
-1256,0.62
-1235,-1.3
-1215,-0.91
-1196,-1.46
-1178,1.27
-1142,0.63
-1124,-0.03
-1105,0.15
-1087,0.1
-1068,-0.51
-1049,-0.01
-1030,-0.91
-1011,-0.34
-992,0.29
-974,0.57
-956,-1.0
-938,-0.64
-919,0.04
-901,1.12
-885,1.12
-868,1.32
-851,0.01
-834,0.91
-817,0.81
-800,0.89
-782,1.29
-764,-0.88
-746,-0.2
-728,-0.56
-709,-0.19
-691,0.09
-674,0.85
-657,0.37
-639,-0.77
-620,0.51
-602,-0.11
-585,0.92
-567,-0.45
-549,0.16
-530,-0.63
-512,-0.65
-493,0.0
-473,-0.78
-454,-1.97
-435,-0.94
-416,-0.83
-396,-0.63
-376,-1.41
-356,-2.05
-338,0.17
-320,-0.35
-303,0.3
-286,0.86
-252,-0.46
-233,-0.48
-215,-1.02
-197,-0.34
-179,-0.64
-162,0.44
-145,-0.74
-128,-0.7
-110,1.62
-93,-0.92
-75,-0.02
-57,-1.08
-40,-0.73
-22,-0.3
-5,0.18
11,-0.38
27,0.01
44,0.0
61,1.79
77,-1.06
93,0.35
110,-0.99
128,-1.04
145,0.25
162,-1.41
179,0.55
195,0.1
213,-0.11
230,-0.56
247,-0.81
263,0.35
279,0.42
295,-1.24
312,0.73
329,-0.84
345,-1.15
361,0.24
378,0.04
393,-0.92
409,0.9
424,-0.27
440,-0.54
455,-0.32
471,-0.93
486,1.04
502,-0.45
518,-0.7
534,-0.48
549,-0.02
563,-0.17
577,0.89
591,1.55
605,-0.17
619,0.89
634,0.22
648,1.23
663,-0.3
677,-0.16
691,0.27
706,0.37
720,0.58
734,-0.54
748,0.88
761,1.03
775,0.93
789,-0.34
803,-0.9
817,1.55
831,-0.54
846,0.72
860,-0.8
875,-0.75
889,0.36
903,0.99
917,0.14
931,-0.95
945,-0.44
959,-0.4
974,0.38
988,-0.75
1003,-0.55
1018,-0.67
1032,-1.03
1046,0.92
1060,-1.41
1074,0.59
1088,-1.03
1100,1.5
1112,1.17
1125,0.94
1137,0.56
1151,0.03
1164,0.32
1177,-0.16
1191,-0.1
1205,-0.91
1220,-1.44
1234,-0.96
1249,-0.49
1263,-0.63
1277,-0.61
1291,-0.96
1305,0.27
1317,0.98
1330,1.46
1343,-0.81
1356,-0.87
1369,1.4
1382,-0.77
1395,0.7
1408,1.26
1421,-0.36
1434,-0.85
1446,-2.36
1459,0.42
1471,-0.8
1483,-0.56
1495,0.14
1507,0.16
1519,-1.73
1531,0.21
1542,-0.12
1554,-0.47
1567,-1.53
1579,-0.9
1591,-0.67
1603,0.03
1614,-0.59
1626,-0.41
1637,-1.22
1648,0.16
1660,-0.34
1672,-1.41
1683,-0.14
1694,-0.02
1705,0.71
1716,0.84
1726,0.42
1737,-2.44
1748,0.51
1758,-1.23
1768,-0.72
1778,0.28
1789,1.05
1799,-0.4
1810,0.38
1820,-1.11
1830,-0.55
1840,0.79
1850,-0.52
1859,0.05
1868,0.05
1876,-0.42
1885,0.35
1894,3.04
1903,1.84
1911,0.88
1912,-0.38
1913,-0.25
1914,-0.12
1915,-0.13
1916,-0.4
1917,-0.33
1918,-0.07
1919,-0.34
1920,-0.24
1921,-0.15
1922,-0.15
1923,-0.05
1924,-0.21
1925,0.02
1926,-0.06
1927,-0.05
1928,-0.11
1929,-0.12
1930,0.14
1931,-0.09
1932,-0.23
1933,-0.27
1934,0.08
1935,-0.22
1936,0.01
1937,0.13
1938,0.08
1939,0.06
1940,0.17
1941,0.27
1942,0.08
1943,0.23
1944,0.13
1945,0.1
1946,-0.02
1947,0.0
1948,-0.07
1949,-0.03
1950,-0.26
1951,0.03
1952,-0.08
1953,0.04
1954,0.09
1955,-0.26
1956,-0.15
1957,0.08
1958,0.04
1959,-0.03
1960,-0.11
1961,0.04
1962,0.11
1963,0.19
1964,-0.2
1965,0.03
1966,0.01
1967,-0.04
1968,-0.05
1969,0.15
1970,0.04
1971,-0.05
1972,0.06
1973,0.02
1974,-0.1
1975,-0.17
1976,-0.03
1977,0.23
1978,0.2
1979,0.31
1980,0.27
1981,0.31
1982,0.12
1983,0.37
1984,0.1
1985,0.14
1986,0.13
1987,0.26
1988,0.16
1989,0.19
1990,0.42
1991,0.31
1992,0.05
1993,0.1
1994,0.42
1995,0.48
1996,0.44
1997,0.65
1998,0.44
1999,0.39
2000,0.33
2001,0.71
2002,0.62
2003,0.56
2004,0.72
2005,0.78
2006,0.72
2007,0.58
2008,0.71
2009,0.82
2010,0.79
2011,0.6
2012,0.79
2013,0.81
2014,0.68
2015,1.06
2016,0.94
2017,0.91
2018,0.84
2019,0.99
2020,1.05
2021,0.95
2022,0.75
2023,1.44
